{
    "inputs": [
        {
            "name": "Title",
            "value": "nq",
            "type": 13,
            "enumType": "-1",
            "visible": true,
            "active": false,
            "changed": true,
            "group": "Common",
            "user": null,
            "dst": null,
            "id": "Title",
            "params": null
        },
        {
            "name": "Host",
            "value": "mqtt://api.miimetiq.local",
            "type": 13,
            "enumType": "-1",
            "visible": true,
            "active": false,
            "changed": false,
            "group": "Network",
            "user": null,
            "dst": null,
            "id": "Host",
            "params": null
        },
        {
            "name": "Enabled",
            "value": false,
            "type": 0,
            "enumType": "-1",
            "visible": true,
            "active": false,
            "changed": false,
            "group": "Common",
            "user": null,
            "dst": null,
            "id": "Enabled",
            "params": null
        },
        {
            "name": "Driver",
            "value": "779c85db-fd51-ec43-0ff9-f9bff5ba506d",
            "type": 3,
            "enumType": "Driver",
            "visible": true,
            "active": false,
            "changed": false,
            "group": "Common",
            "user": null,
            "dst": null,
            "id": "Driver",
            "params": null
        },
        {
            "name": "Protocol",
            "value": "mqtt",
            "type": 3,
            "enumType": "-1",
            "visible": true,
            "active": false,
            "changed": false,
            "group": "Network",
            "user": null,
            "dst": null,
            "id": "Protocol",
            "params": null
        },
        {
            "name": "Port",
            "value": "1883",
            "type": 13,
            "enumType": "-1",
            "visible": true,
            "active": false,
            "changed": false,
            "group": "Network",
            "user": null,
            "dst": null,
            "id": "Port",
            "params": null
        },
        {
            "name": "Id",
            "value": "38fcfbe2-8f85-2971-4d71-83c0bafb7f1d",
            "type": 13,
            "enumType": "-1",
            "visible": false,
            "active": false,
            "changed": false,
            "group": "Network",
            "user": null,
            "dst": null,
            "id": "Id",
            "params": null
        },
        {
            "name": "Options",
            "value": "{\n  \"clientId\": \"\",\n  \"protocolVersion\": 4,\n  \"protocolId\": \"\",\n  \"username\": \"mc007/test2\",\n  \"password\": \"a014781c\",\n  \"keepalive\": 10,\n  \"reconnectPeriod\": 1000,\n  \"connectTimeout\": 30000,\n  \"reschedulePings\": true,\n  \"queueQoSZero\": true,\n  \"clean\": true\n}",
            "type": 21,
            "enumType": "-1",
            "visible": true,
            "active": false,
            "changed": false,
            "group": "Network",
            "user": null,
            "dst": null,
            "id": "Options",
            "params": null
        },
        {
            "name": "DriverOptions",
            "value": 16,
            "type": 5,
            "enumType": "-1",
            "visible": true,
            "active": false,
            "changed": false,
            "group": "Driver",
            "user": null,
            "dst": null,
            "id": "DriverOptions",
            "params": null
        },
        {
            "id": "Logging Flags",
            "name": "Logging Flags",
            "parentId": -1,
            "title": "Logging Flags",
            "type": "Logging Flags",
            "value": "{\n  \"Device Connected\": 63,\n  \"Response\": 51,\n  \"Send Command\": 55,\n  \"Device Disonnected\": 39,\n  \"Device Error\": 1\n}",
            "visible": true
        }
    ]
}