{
    "inputs": [
        {
            "dataRef": null,
            "description": "Title",
            "enabled": true,
            "flags": -1,
            "group": "Common",
            "id": "Title",
            "name": "Title",
            "order": -1,
            "params": null,
            "parentId": -1,
            "platform": null,
            "storeDestination": null,
            "title": "Title",
            "type": 13,
            "uid": -1,
            "value": "SSH-Local",
            "visible": true,
            "enumType": "-1"
        },
        {
            "dataRef": null,
            "description": "Host",
            "enabled": true,
            "flags": -1,
            "group": "Network",
            "id": "Host",
            "name": "Host",
            "order": -1,
            "params": null,
            "parentId": -1,
            "platform": null,
            "storeDestination": null,
            "title": "Host",
            "type": 13,
            "uid": -1,
            "value": "192.168.1.37",
            "visible": true,
            "enumType": "-1"
        },
        {
            "dataRef": null,
            "description": "Enabled",
            "enabled": true,
            "flags": -1,
            "group": "Common",
            "id": "Enabled",
            "name": "Enabled",
            "order": -1,
            "params": null,
            "parentId": -1,
            "platform": null,
            "storeDestination": null,
            "title": "Enabled",
            "type": 0,
            "uid": -1,
            "value": false,
            "visible": true,
            "enumType": "-1"
        },
        {
            "dataRef": null,
            "description": "Driver",
            "enabled": true,
            "flags": -1,
            "group": "Common",
            "id": "Driver",
            "name": "Driver",
            "order": -1,
            "params": null,
            "parentId": -1,
            "platform": null,
            "storeDestination": null,
            "title": "Driver",
            "type": 3,
            "uid": -1,
            "value": "b08405ac-a878-351f-7bab-f4174de7e669",
            "visible": true,
            "enumType": "Driver"
        },
        {
            "dataRef": null,
            "description": "Protocol",
            "enabled": true,
            "flags": -1,
            "group": "Network",
            "id": "Protocol",
            "name": "Protocol",
            "order": -1,
            "params": null,
            "parentId": -1,
            "platform": null,
            "storeDestination": null,
            "title": "Protocol",
            "type": 3,
            "uid": -1,
            "value": "ssh",
            "visible": true,
            "enumType": "-1"
        },
        {
            "dataRef": null,
            "description": "Port",
            "enabled": true,
            "flags": -1,
            "group": "Network",
            "id": "Port",
            "name": "Port",
            "order": -1,
            "params": null,
            "parentId": -1,
            "platform": null,
            "storeDestination": null,
            "title": "Port",
            "type": 13,
            "uid": -1,
            "value": "22",
            "visible": true,
            "enumType": "-1"
        },
        {
            "dataRef": null,
            "description": "Id",
            "enabled": true,
            "flags": -1,
            "group": "Common",
            "id": "Id",
            "name": "Id",
            "order": -1,
            "params": null,
            "parentId": -1,
            "platform": null,
            "storeDestination": null,
            "title": "Id",
            "type": 13,
            "uid": -1,
            "value": "83a2e4ab-27b0-6c89-23c9-743ad6c40031",
            "visible": false,
            "enumType": "-1"
        },
        {
            "dataRef": null,
            "description": "Options",
            "enabled": true,
            "flags": -1,
            "group": "Network",
            "id": "Options",
            "name": "Options",
            "order": -1,
            "params": null,
            "parentId": -1,
            "platform": null,
            "storeDestination": null,
            "title": "Options",
            "type": 28,
            "uid": -1,
            "value": "{\n  \"username\": \"mc007\",\n  \"password\": \"214,,asd\",\n  \"localhostName\": \"\",\n  \"tryKeyboard\": false,\n  \"keepaliveInterval\": 0,\n  \"keepaliveCountMax\": 3,\n  \"readyTimeout\": 11102,\n  \"strictVendor\": true\n}",
            "visible": true,
            "enumType": "-1"
        },
        {
            "dataRef": null,
            "description": "",
            "enabled": true,
            "flags": -1,
            "group": -1,
            "id": "DriverOptions",
            "name": "DriverOptions",
            "order": -1,
            "params": null,
            "parentId": -1,
            "platform": null,
            "storeDestination": null,
            "title": "",
            "type": 5,
            "uid": -1,
            "value": 0,
            "visible": true
        },
        {
            "dataRef": null,
            "description": "",
            "enabled": true,
            "flags": -1,
            "group": -1,
            "id": "Logging Flags",
            "name": "Logging Flags",
            "order": -1,
            "params": null,
            "parentId": -1,
            "platform": null,
            "storeDestination": null,
            "title": "Logging Flags",
            "type": "Logging Flags",
            "uid": -1,
            "value": "{\n  \"Response\": 51,\n  \"Send Command\": 49\n}",
            "visible": true
        }
    ]
}