{
	"inputs": [
		{
			"dataRef": null,
			"description": "Title",
			"enabled": true,
			"flags": -1,
			"group": "Common",
			"id": "Title",
			"name": "Title",
			"order": -1,
			"params": null,
			"parentId": -1,
			"platform": null,
			"storeDestination": null,
			"title": "Title",
			"type": 13,
			"uid": -1,
			"value": "iPhone",
			"visible": true,
			"enumType": "-1"
		},
		{
			"dataRef": null,
			"description": "Host",
			"enabled": true,
			"flags": -1,
			"group": "Network",
			"id": "Host",
			"name": "Host",
			"order": -1,
			"params": null,
			"parentId": -1,
			"platform": null,
			"storeDestination": null,
			"title": "Host",
			"type": 13,
			"uid": -1,
			"value": "192.168.1.33",
			"visible": true,
			"enumType": "-1"
		},
		{
			"dataRef": null,
			"description": "Enabled",
			"enabled": true,
			"flags": -1,
			"group": "Common",
			"id": "Enabled",
			"name": "Enabled",
			"order": -1,
			"params": null,
			"parentId": -1,
			"platform": null,
			"storeDestination": null,
			"title": "Enabled",
			"type": 0,
			"uid": -1,
			"value": false,
			"visible": true,
			"enumType": "-1"
		},
		{
			"dataRef": null,
			"description": "Driver",
			"enabled": true,
			"flags": -1,
			"group": "Common",
			"id": "Driver",
			"name": "Driver",
			"order": -1,
			"params": null,
			"parentId": -1,
			"platform": null,
			"storeDestination": null,
			"title": "Driver",
			"type": 3,
			"uid": -1,
			"value": "117554bc-f6ef-3442-f163-901d5d35d158",
			"visible": true,
			"enumType": "Driver"
		},
		{
			"dataRef": null,
			"description": "Protocol",
			"enabled": true,
			"flags": -1,
			"group": "Network",
			"id": "Protocol",
			"name": "Protocol",
			"order": -1,
			"params": null,
			"parentId": -1,
			"platform": null,
			"storeDestination": null,
			"title": "Protocol",
			"type": 3,
			"uid": -1,
			"value": "ssh",
			"visible": true,
			"enumType": "-1"
		},
		{
			"dataRef": null,
			"description": "Port",
			"enabled": true,
			"flags": -1,
			"group": "Network",
			"id": "Port",
			"name": "Port",
			"order": -1,
			"params": null,
			"parentId": -1,
			"platform": null,
			"storeDestination": null,
			"title": "Port",
			"type": 13,
			"uid": -1,
			"value": "22",
			"visible": true,
			"enumType": "-1"
		},
		{
			"dataRef": null,
			"description": "Id",
			"enabled": true,
			"flags": -1,
			"group": "Common",
			"id": "Id",
			"name": "Id",
			"order": -1,
			"params": null,
			"parentId": -1,
			"platform": null,
			"storeDestination": null,
			"title": "Id",
			"type": 13,
			"uid": -1,
			"value": "1b53dd5c-bda3-a45b-27ea-b1adb876d729",
			"visible": false,
			"enumType": "-1"
		},
		{
			"dataRef": null,
			"description": "Options",
			"enabled": true,
			"flags": -1,
			"group": "Network",
			"id": "Options",
			"name": "Options",
			"order": -1,
			"params": null,
			"parentId": -1,
			"platform": null,
			"storeDestination": null,
			"title": "Options",
			"type": 28,
			"uid": -1,
			"value": "{\n  \"username\": \"root\",\n  \"password\": \"alpine\"\n}",
			"visible": true,
			"enumType": "-1"
		},
		false,
		false,
		{
			"dataRef": null,
			"description": "",
			"enabled": true,
			"flags": -1,
			"group": -1,
			"id": "DriverOptions",
			"name": "DriverOptions",
			"order": -1,
			"params": null,
			"parentId": -1,
			"platform": null,
			"storeDestination": null,
			"title": "Driver Options",
			"type": 5,
			"uid": -1,
			"value": 0,
			"visible": true
		},
		{
			"dataRef": null,
			"description": "",
			"enabled": true,
			"flags": -1,
			"group": "Logging",
			"id": "Logging Flags",
			"name": "Logging Flags",
			"order": -1,
			"params": null,
			"parentId": -1,
			"platform": null,
			"storeDestination": null,
			"title": "Logging Flags",
			"type": "Logging Flags",
			"uid": -1,
			"value": "{\n  \"Response\": 51,\n  \"Send Command\": 55\n}",
			"visible": true
		}
	]
}