{
	"inputs": [
		{
			"dataRef": null,
			"description": "Title",
			"enabled": true,
			"flags": -1,
			"group": "Common",
			"id": "Title",
			"name": "Title",
			"order": -1,
			"params": null,
			"parentId": -1,
			"platform": null,
			"storeDestination": null,
			"title": "Title",
			"type": 13,
			"uid": -1,
			"value": "CNC",
			"visible": true,
			"enumType": "-1"
		},
		{
			"dataRef": null,
			"description": "Host",
			"enabled": true,
			"flags": -1,
			"group": "Network",
			"id": "Host",
			"name": "Host",
			"order": -1,
			"params": null,
			"parentId": -1,
			"platform": null,
			"storeDestination": null,
			"title": "Host",
			"type": 13,
			"uid": -1,
			"value": "\/dev\/ttyACM0",
			"visible": true,
			"enumType": "-1"
		},
		{
			"dataRef": null,
			"description": "Enabled",
			"enabled": true,
			"flags": -1,
			"group": "Common",
			"id": "Enabled",
			"name": "Enabled",
			"order": -1,
			"params": null,
			"parentId": -1,
			"platform": null,
			"storeDestination": null,
			"title": "Enabled",
			"type": 0,
			"uid": -1,
			"value": false,
			"visible": true,
			"enumType": "-1"
		},
		{
			"dataRef": null,
			"description": "Driver",
			"enabled": true,
			"flags": -1,
			"group": "Common",
			"id": "Driver",
			"name": "Driver",
			"order": -1,
			"params": null,
			"parentId": -1,
			"platform": null,
			"storeDestination": null,
			"title": "Driver",
			"type": 3,
			"uid": -1,
			"value": "e208711c-a51c-8d8a-41f2-883cd95ac7c4",
			"visible": true,
			"enumType": "Driver"
		},
		{
			"dataRef": null,
			"description": "Protocol",
			"enabled": true,
			"flags": -1,
			"group": "Network",
			"id": "Protocol",
			"name": "Protocol",
			"order": -1,
			"params": null,
			"parentId": -1,
			"platform": null,
			"storeDestination": null,
			"title": "Protocol",
			"type": 3,
			"uid": -1,
			"value": "serial",
			"visible": true,
			"enumType": "-1"
		},
		{
			"dataRef": null,
			"description": "Port",
			"enabled": true,
			"flags": -1,
			"group": "Network",
			"id": "Port",
			"name": "Port",
			"order": -1,
			"params": null,
			"parentId": -1,
			"platform": null,
			"storeDestination": null,
			"title": "Port",
			"type": 13,
			"uid": -1,
			"value": "",
			"visible": true,
			"enumType": "-1"
		},
		{
			"dataRef": null,
			"description": "Id",
			"enabled": true,
			"flags": -1,
			"group": "Common",
			"id": "Id",
			"name": "Id",
			"order": -1,
			"params": null,
			"parentId": -1,
			"platform": null,
			"storeDestination": null,
			"title": "Id",
			"type": 13,
			"uid": -1,
			"value": "85d635a0-5b24-dae7-2b86-71556acbd587",
			"visible": false,
			"enumType": "-1"
		},
		{
			"dataRef": null,
			"description": "Options",
			"enabled": true,
			"flags": -1,
			"group": "Network",
			"id": "Options",
			"name": "Options",
			"order": -1,
			"params": null,
			"parentId": -1,
			"platform": null,
			"storeDestination": null,
			"title": "Options",
			"type": 28,
			"uid": -1,
			"value": "{\n  \"baudrate\": 115200\n}",
			"visible": true,
			"enumType": "-1"
		},
		false,
		false,
		{
			"dataRef": null,
			"description": "",
			"enabled": true,
			"flags": -1,
			"group": -1,
			"id": "DriverOptions",
			"name": "DriverOptions",
			"order": -1,
			"params": null,
			"parentId": -1,
			"platform": null,
			"storeDestination": null,
			"title": "Driver Options",
			"type": 5,
			"uid": -1,
			"value": 16,
			"visible": true
		},
		{
			"dataRef": null,
			"description": "",
			"enabled": true,
			"flags": -1,
			"group": "Logging",
			"id": "Logging Flags",
			"name": "Logging Flags",
			"order": -1,
			"params": null,
			"parentId": -1,
			"platform": null,
			"storeDestination": null,
			"title": "Logging Flags",
			"type": "Logging Flags",
			"uid": -1,
			"value": "{\n  \"Response\": 35,\n  \"Send Command\": 35,\n  \"Device Connected\": 37,\n  \"Device Error\": 39\n}",
			"visible": true
		}
	]
}