{
	"inputs": [
		{
			"chainType": 0,
			"class": "cmx.types.ConfigurableInformation",
			"dataRef": "",
			"dataSource": "",
			"description": null,
			"enabled": true,
			"enumType": "-1",
			"flags": -1,
			"group": "General",
			"id": "CF_DRIVER_NAME",
			"name": "CF_DRIVER_NAME",
			"order": 1,
			"params": null,
			"parentId": "myeventsapp108",
			"platform": null,
			"storeDestination": "metaDataStore",
			"title": "Display Name",
			"type": 13,
			"uid": "-1",
			"value": "My Marantz",
			"visible": true
		},
		{
			"chainType": 0,
			"class": "cmx.types.ConfigurableInformation",
			"dataRef": "",
			"dataSource": "",
			"description": null,
			"enabled": true,
			"enumType": "-1",
			"flags": -1,
			"group": "General",
			"id": "CF_DRIVER_ID",
			"name": "CF_DRIVER_ID",
			"order": 1,
			"params": null,
			"parentId": "myeventsapp108",
			"platform": null,
			"storeDestination": "metaDataStore",
			"title": "Id",
			"type": 13,
			"uid": "-1",
			"value": "235eb680-cb87-11e3-9c1a-0800200c9a66",
			"visible": true
		},
		{
			"chainType": 0,
			"class": "cmx.types.ConfigurableInformation",
			"dataRef": "",
			"dataSource": "",
			"description": null,
			"enabled": true,
			"enumType": "-1",
			"flags": -1,
			"group": "Visual",
			"id": "CF_DRIVER_ICON",
			"name": "CF_DRIVER_ICON",
			"order": 1,
			"params": null,
			"parentId": "myeventsapp108",
			"platform": null,
			"storeDestination": "metaDataStore",
			"title": "Driver Icon",
			"type": 18,
			"uid": "-1",
			"value": ".\/project1\/318i.jpg",
			"visible": false
		},
		{
			"chainType": 0,
			"class": "cmx.types.ConfigurableInformation",
			"dataRef": "",
			"dataSource": "",
			"description": null,
			"enabled": true,
			"enumType": "-1",
			"flags": -1,
			"group": "General",
			"id": "CF_DRIVER_CLASS",
			"name": "CF_DRIVER_CLASS",
			"order": 1,
			"params": null,
			"parentId": "myeventsapp108",
			"platform": null,
			"storeDestination": "metaDataStore",
			"title": "Driver Class",
			"type": 4,
			"uid": "-1",
			"value": ".\/Marantz\/MyMarantz.js",
			"visible": true
		},
		{
			"chainType": 0,
			"class": "cmx.types.ConfigurableInformation",
			"dataRef": "",
			"dataSource": "",
			"description": null,
			"enabled": true,
			"enumType": "-1",
			"flags": -1,
			"group": "Settings",
			"id": "CommandSettings",
			"name": "CF_DRIVER_COMMANDS",
			"order": 1,
			"params": "{\"constants\":{\"start\":\"\",\"end\":\"0x0d\"},\"send\":{\"mode\":0,\"interval\":\"100\",\"timeout\":\"10000\",\"onReply\":\"0x0d\"}}",
			"parentId": "myeventsapp108",
			"platform": null,
			"storeDestination": "metaDataStore",
			"title": "Commands",
			"type": "CommandSettings",
			"uid": "-1",
			"value": "",
			"visible": true,
			"view": true
		},
		{
			"chainType": 0,
			"class": "cmx.types.ConfigurableInformation",
			"dataRef": "",
			"dataSource": "",
			"description": null,
			"enabled": true,
			"enumType": "-1",
			"flags": -1,
			"group": "Variables",
			"id": "VariableSettings",
			"name": "CF_DRIVER_VARIABLES",
			"order": 1,
			"params": null,
			"parentId": "myeventsapp108",
			"platform": null,
			"storeDestination": "metaDataStore",
			"title": "Variables",
			"type": 13,
			"uid": "-1",
			"value": "[{\"title\":\"_volume\",\"type\":13,\"value\":\"var z = 2123341412523432;\\n\\nvar z212 = 13425;\\n\\nreturn this.getVariable('value');\",\"enumType\":\"VariableType\",\"gui\":\"on\",\"cmd\":false,\"save\":false,\"initialize\":\"\",\"group\":\"processVariables\",\"id\":\"d596c75b-93f3-87f9-1487-1491405df3ff\",\"declaredClass\":\"xcf.model.Variable\",\"description\":\"Temporary process variable to set 'Volume'\",\"order\":0,\"serializeMe\":true,\"enabled\":true,\"target\":\"Volume\",\"register\":true,\"renderBlockIcon\":true,\"readOnly\":false,\"shareTitle\":\"\",\"canDelete\":true,\"sharable\":false,\"_currentIndex\":0,\"_onLoaded\":false,\"beanType\":\"BLOCK\"},{\"id\":\"391db915-ffb2-f6ae-8351-2d291c3c0c9c\",\"title\":\"value\",\"value\":\"MVMAX 84\",\"type\":13,\"group\":\"processVariables\",\"gui\":false,\"cmd\":false,\"declaredClass\":\"xcf.model.Variable\",\"save\":false,\"description\":\"\",\"order\":0,\"initialize\":\"\",\"serializeMe\":true,\"enabled\":true,\"target\":\"None\",\"register\":true,\"renderBlockIcon\":true,\"readOnly\":false,\"shareTitle\":\"\",\"canDelete\":true,\"sharable\":false,\"_currentIndex\":0,\"_onLoaded\":false,\"beanType\":\"BLOCK\"},{\"title\":\"Volume\",\"type\":13,\"value\":\"MVMAX 84\",\"enumType\":\"VariableType\",\"gui\":false,\"cmd\":false,\"save\":false,\"initialize\":\"\",\"id\":\"cda85865-ebad-2eda-3fdb-e7eb9dd108fd\",\"declaredClass\":\"xcf.model.Variable\",\"description\":\"\",\"order\":0,\"serializeMe\":true,\"enabled\":true,\"target\":\"None\",\"group\":\"basicVariables\",\"register\":true,\"renderBlockIcon\":true,\"readOnly\":false,\"shareTitle\":\"\",\"canDelete\":true,\"sharable\":false,\"_currentIndex\":0,\"_onLoaded\":false,\"beanType\":\"BLOCK\"},{\"title\":\"PowerState\",\"type\":13,\"value\":\"Off2\",\"enumType\":\"VariableType\",\"gui\":false,\"cmd\":false,\"save\":false,\"initialize\":\"\",\"id\":\"7b9d2d12-0174-fdd4-2b31-a2bb8034f236\",\"declaredClass\":\"xcf.model.Variable\",\"description\":\"\",\"order\":0,\"serializeMe\":true,\"enabled\":true,\"target\":\"None\",\"group\":\"basicVariables\",\"register\":true,\"renderBlockIcon\":true,\"readOnly\":false,\"shareTitle\":\"\",\"canDelete\":true,\"sharable\":false,\"_currentIndex\":0,\"_onLoaded\":false,\"beanType\":\"BLOCK\"},{\"value\":\"proto-1\",\"title\":\"ProtocolVariable-1\",\"group\":\"basicVariables\",\"id\":\"ec6f5b9e-5abd-a187-0e3c-2bc5b083260e\",\"declaredClass\":\"xcf.model.Variable\",\"gui\":\"off\",\"cmd\":\"off\",\"save\":false,\"target\":\"None\",\"register\":true,\"readOnly\":false,\"enabled\":true,\"serializeMe\":true,\"shareTitle\":\"\",\"description\":\"No Description\",\"canDelete\":true,\"renderBlockIcon\":true,\"order\":0,\"_destroyed\":true,\"sharable\":false,\"_currentIndex\":0,\"_onLoaded\":false,\"beanType\":\"BLOCK\"}]",
			"visible": false,
			"view": true
		},
		{
			"chainType": 0,
			"class": "cmx.types.ConfigurableInformation",
			"dataRef": "",
			"dataSource": "",
			"description": null,
			"enabled": true,
			"enumType": "-1",
			"flags": -1,
			"group": "Responses",
			"id": "ResponseSettings",
			"name": "CF_DRIVER_RESPONSES",
			"order": 1,
			"params": "{\"start\":false,\"startString\":\"\",\"cTypeByte\":false,\"cTypePacket\":false,\"cTypeDelimiter\":1,\"cTypeCount\":false,\"delimiter\":\"0x0d\",\"count\":\"\",\"wDelimiter\":\"\\\\r\",\"wCount\":\"\"}",
			"parentId": "myeventsapp108",
			"platform": null,
			"storeDestination": "metaDataStore",
			"title": "Responses",
			"type": 13,
			"uid": "-1",
			"value": "",
			"visible": false,
			"view": true
		}
	]
}