{
    "inputs": [
        {
            "dataRef": null,
            "description": "Title",
            "enabled": true,
            "flags": -1,
            "group": "Common",
            "id": "Title",
            "name": "Title",
            "order": -1,
            "params": null,
            "parentId": -1,
            "platform": null,
            "storeDestination": null,
            "title": "Title",
            "type": 13,
            "uid": -1,
            "value": "Marantz",
            "visible": true,
            "enumType": "-1"
        },
        {
            "dataRef": null,
            "description": "Host",
            "enabled": true,
            "flags": -1,
            "group": "Network",
            "id": "Host",
            "name": "Host",
            "order": -1,
            "params": null,
            "parentId": -1,
            "platform": null,
            "storeDestination": null,
            "title": "Host",
            "type": 13,
            "uid": -1,
            "value": "192.168.1.20",
            "visible": true,
            "enumType": "-1"
        },
        {
            "dataRef": null,
            "description": "Enabled",
            "enabled": true,
            "flags": -1,
            "group": "Common",
            "id": "Enabled",
            "name": "Enabled",
            "order": -1,
            "params": null,
            "parentId": -1,
            "platform": null,
            "storeDestination": null,
            "title": "Enabled",
            "type": 0,
            "uid": -1,
            "value": false,
            "visible": true,
            "enumType": "-1"
        },
        {
            "dataRef": null,
            "description": "Driver",
            "enabled": true,
            "flags": -1,
            "group": "Common",
            "id": "Driver",
            "name": "Driver",
            "order": -1,
            "params": null,
            "parentId": -1,
            "platform": null,
            "storeDestination": null,
            "title": "Driver",
            "type": 3,
            "uid": -1,
            "value": "235eb680-cb87-11e3-9c1a-0800200c9a66",
            "visible": true,
            "enumType": "Driver"
        },
        {
            "dataRef": null,
            "description": "Protocol",
            "enabled": true,
            "flags": -1,
            "group": "Network",
            "id": "Protocol",
            "name": "Protocol",
            "order": -1,
            "params": null,
            "parentId": -1,
            "platform": null,
            "storeDestination": null,
            "title": "Protocol",
            "type": 13,
            "uid": -1,
            "value": "tcp",
            "visible": true,
            "enumType": "-1"
        },
        {
            "dataRef": null,
            "description": "Port",
            "enabled": true,
            "flags": -1,
            "group": "Network",
            "id": "Port",
            "name": "Port",
            "order": -1,
            "params": null,
            "parentId": -1,
            "platform": null,
            "storeDestination": null,
            "title": "Port",
            "type": 13,
            "uid": -1,
            "value": "23",
            "visible": true,
            "enumType": "-1"
        },
        {
            "dataRef": null,
            "description": "Id",
            "enabled": true,
            "flags": -1,
            "group": "Common",
            "id": "Id",
            "name": "Id",
            "order": -1,
            "params": null,
            "parentId": -1,
            "platform": null,
            "storeDestination": null,
            "title": "Id",
            "type": 13,
            "uid": -1,
            "value": "e5a06e24-6aa4-c8c5-3ffc-9d84d8528a91",
            "visible": false,
            "enumType": "-1"
        },
        {
            "dataRef": null,
            "description": "",
            "enabled": true,
            "flags": -1,
            "group": -1,
            "id": "DriverOptions",
            "name": "DriverOptions",
            "order": -1,
            "params": null,
            "parentId": -1,
            "platform": null,
            "storeDestination": null,
            "title": "",
            "type": 5,
            "uid": -1,
            "value": 0,
            "visible": true
        },
        {
            "dataRef": null,
            "description": "Options",
            "enabled": true,
            "flags": -1,
            "group": "Network",
            "id": "Options",
            "name": "Options",
            "order": -1,
            "params": null,
            "parentId": -1,
            "platform": null,
            "storeDestination": null,
            "title": "Options",
            "type": 28,
            "uid": -1,
            "value": "{\n  \"allowHalfOpen\": true,\n  \"readable\": true,\n  \"writable\": true\n}",
            "visible": true,
            "enumType": "-1"
        },
        {
            "dataRef": null,
            "description": "",
            "enabled": true,
            "flags": -1,
            "group": -1,
            "id": "Logging Flags",
            "name": "Logging Flags",
            "order": -1,
            "params": null,
            "parentId": -1,
            "platform": null,
            "storeDestination": null,
            "title": "Logging Flags",
            "type": "Logging Flags",
            "uid": -1,
            "value": "{\n  \"Device Connected\": 47,\n  \"Response\": 35,\n  \"Send Command\": 51,\n  \"Device Disonnected\": 39,\n  \"Device Error\": 1\n}",
            "visible": true
        }
    ]
}