{
    "inputs": [
        {
            "dataRef": null,
            "description": "Title",
            "enabled": true,
            "flags": -1,
            "group": "Common",
            "id": "Title",
            "name": "Title",
            "order": -1,
            "params": null,
            "parentId": -1,
            "platform": null,
            "storeDestination": null,
            "title": "Title",
            "type": 13,
            "uid": -1,
            "value": "Kodi-MQTT",
            "visible": true,
            "enumType": "-1"
        },
        {
            "dataRef": null,
            "description": "Host",
            "enabled": true,
            "flags": -1,
            "group": "Network",
            "id": "Host",
            "name": "Host",
            "order": -1,
            "params": null,
            "parentId": -1,
            "platform": null,
            "storeDestination": null,
            "title": "Host",
            "type": 13,
            "uid": -1,
            "value": "mqtt://localhost",
            "visible": true,
            "enumType": "-1"
        },
        {
            "dataRef": null,
            "description": "Enabled",
            "enabled": true,
            "flags": -1,
            "group": "Common",
            "id": "Enabled",
            "name": "Enabled",
            "order": -1,
            "params": null,
            "parentId": -1,
            "platform": null,
            "storeDestination": null,
            "title": "Enabled",
            "type": 0,
            "uid": -1,
            "value": false,
            "visible": true,
            "enumType": "-1"
        },
        {
            "dataRef": null,
            "description": "Driver",
            "enabled": true,
            "flags": -1,
            "group": "Common",
            "id": "Driver",
            "name": "Driver",
            "order": -1,
            "params": null,
            "parentId": -1,
            "platform": null,
            "storeDestination": null,
            "title": "Driver",
            "type": 3,
            "uid": -1,
            "value": "8fec6dd4-f647-291d-0a9b-27eea266f6d0",
            "visible": true,
            "enumType": "Driver"
        },
        {
            "dataRef": null,
            "description": "Protocol",
            "enabled": true,
            "flags": -1,
            "group": "Network",
            "id": "Protocol",
            "name": "Protocol",
            "order": -1,
            "params": null,
            "parentId": -1,
            "platform": null,
            "storeDestination": null,
            "title": "Protocol",
            "type": 3,
            "uid": -1,
            "value": "mqtt",
            "visible": true,
            "enumType": "-1"
        },
        {
            "dataRef": null,
            "description": "Port",
            "enabled": true,
            "flags": -1,
            "group": "Network",
            "id": "Port",
            "name": "Port",
            "order": -1,
            "params": null,
            "parentId": -1,
            "platform": null,
            "storeDestination": null,
            "title": "Port",
            "type": 13,
            "uid": -1,
            "value": "1883",
            "visible": true,
            "enumType": "-1"
        },
        {
            "dataRef": null,
            "description": "Id",
            "enabled": true,
            "flags": -1,
            "group": "Common",
            "id": "Id",
            "name": "Id",
            "order": -1,
            "params": null,
            "parentId": -1,
            "platform": null,
            "storeDestination": null,
            "title": "Id",
            "type": 13,
            "uid": -1,
            "value": "fa2b4417-50b5-e74f-e5c1-75c3e7c839f1",
            "visible": false,
            "enumType": "-1"
        },
        {
            "dataRef": null,
            "description": "Options",
            "enabled": true,
            "flags": -1,
            "group": "Network",
            "id": "Options",
            "name": "Options",
            "order": -1,
            "params": null,
            "parentId": -1,
            "platform": null,
            "storeDestination": null,
            "title": "Options",
            "type": 28,
            "uid": -1,
            "value": "{\n  \"clientId\": \"test\",\n  \"protocolVersion\": 4,\n  \"protocolId\": \"\",\n  \"username\": \"\",\n  \"password\": \"\",\n  \"keepalive\": 10,\n  \"reconnectPeriod\": 1000,\n  \"connectTimeout\": 30000,\n  \"reschedulePings\": true,\n  \"queueQoSZero\": true,\n  \"clean\": true\n}",
            "visible": true,
            "enumType": "-1"
        },
        false,
        {
            "dataRef": null,
            "description": "",
            "enabled": true,
            "flags": -1,
            "group": -1,
            "id": "DriverOptions",
            "name": "DriverOptions",
            "order": -1,
            "params": null,
            "parentId": -1,
            "platform": null,
            "storeDestination": null,
            "title": "Driver Options",
            "type": 5,
            "uid": -1,
            "value": 0,
            "visible": true
        },
        {
            "dataRef": null,
            "description": "",
            "enabled": true,
            "flags": -1,
            "group": -1,
            "id": "Logging Flags",
            "name": "Logging Flags",
            "order": -1,
            "params": null,
            "parentId": -1,
            "platform": null,
            "storeDestination": null,
            "title": "Logging Flags",
            "type": "Logging Flags",
            "uid": -1,
            "value": "{\n  \"Response\": 34,\n  \"Send Command\": 55\n}",
            "visible": true
        }
    ]
}