{
    "inputs": [
        {
            "dataRef": null,
            "description": "Title",
            "enabled": true,
            "flags": -1,
            "group": "Common",
            "id": "Title",
            "name": "Title",
            "order": -1,
            "params": null,
            "parentId": -1,
            "platform": null,
            "storeDestination": null,
            "title": "Title",
            "type": 13,
            "uid": -1,
            "value": "Motion-Eye-MQTT",
            "visible": true,
            "enumType": "-1"
        },
        {
            "dataRef": null,
            "description": "Host",
            "enabled": true,
            "flags": -1,
            "group": "Network",
            "id": "Host",
            "name": "Host",
            "order": -1,
            "params": null,
            "parentId": -1,
            "platform": null,
            "storeDestination": null,
            "title": "Host",
            "type": 13,
            "uid": -1,
            "value": "192.168.1.37",
            "visible": true,
            "enumType": "-1"
        },
        {
            "dataRef": null,
            "description": "Enabled",
            "enabled": true,
            "flags": -1,
            "group": "Common",
            "id": "Enabled",
            "name": "Enabled",
            "order": -1,
            "params": null,
            "parentId": -1,
            "platform": null,
            "storeDestination": null,
            "title": "Enabled",
            "type": 0,
            "uid": -1,
            "value": false,
            "visible": true,
            "enumType": "-1"
        },
        {
            "dataRef": null,
            "description": "Driver",
            "enabled": true,
            "flags": -1,
            "group": "Common",
            "id": "Driver",
            "name": "Driver",
            "order": -1,
            "params": null,
            "parentId": -1,
            "platform": null,
            "storeDestination": null,
            "title": "Driver",
            "type": 3,
            "uid": -1,
            "value": "69e4469f-f2a8-3c22-e973-49380c22f600",
            "visible": true,
            "enumType": "Driver"
        },
        {
            "dataRef": null,
            "description": "Protocol",
            "enabled": true,
            "flags": -1,
            "group": "Network",
            "id": "Protocol",
            "name": "Protocol",
            "order": -1,
            "params": null,
            "parentId": -1,
            "platform": null,
            "storeDestination": null,
            "title": "Protocol",
            "type": 3,
            "uid": -1,
            "value": "mqtt",
            "visible": true,
            "enumType": "-1"
        },
        {
            "dataRef": null,
            "description": "Port",
            "enabled": true,
            "flags": -1,
            "group": "Network",
            "id": "Port",
            "name": "Port",
            "order": -1,
            "params": null,
            "parentId": -1,
            "platform": null,
            "storeDestination": null,
            "title": "Port",
            "type": 13,
            "uid": -1,
            "value": "1883",
            "visible": true,
            "enumType": "-1"
        },
        {
            "dataRef": null,
            "description": "Id",
            "enabled": true,
            "flags": -1,
            "group": "Network",
            "id": "Id",
            "name": "Id",
            "order": -1,
            "params": null,
            "parentId": -1,
            "platform": null,
            "storeDestination": null,
            "title": "Id",
            "type": 13,
            "uid": -1,
            "value": "5ce3da17-ae01-70be-b443-9ca2dc58b6c6",
            "visible": false,
            "enumType": "-1"
        },
        {
            "dataRef": null,
            "description": "Options",
            "enabled": true,
            "flags": -1,
            "group": "Network",
            "id": "Options",
            "name": "Options",
            "order": -1,
            "params": null,
            "parentId": -1,
            "platform": null,
            "storeDestination": null,
            "title": "Options",
            "type": 21,
            "uid": -1,
            "value": "{}",
            "visible": true,
            "enumType": "-1"
        },
        {
            "dataRef": null,
            "description": "DriverOptions",
            "enabled": true,
            "flags": -1,
            "group": "Driver",
            "id": "DriverOptions",
            "name": "DriverOptions",
            "order": -1,
            "params": null,
            "parentId": -1,
            "platform": null,
            "storeDestination": null,
            "title": "DriverOptions",
            "type": 5,
            "uid": -1,
            "value": 16,
            "visible": true,
            "enumType": "-1"
        },
        false,
        {
            "dataRef": null,
            "description": "",
            "enabled": true,
            "flags": -1,
            "group": "Logging",
            "id": "Logging Flags",
            "name": "Logging Flags",
            "order": -1,
            "params": null,
            "parentId": -1,
            "platform": null,
            "storeDestination": null,
            "title": "Logging Flags",
            "type": "Logging Flags",
            "uid": -1,
            "value": "{}",
            "visible": true
        }
    ]
}