{"device":{"host":"192.168.1.99","port":"55","protocol":"tcp","driver":"SSH/Hercules.js","driverId":"04cd493d-2788-4096-cf54-1fdc11928180","driverScope":"user_drivers","id":"4b51aec8-dea8-cc45-e0e7-05744db8b690","devicePath":"Hercules-Test/Hercules.meta.json","deviceScope":"user_devices","title":"Hercules","options":"{}","driverOptions":0,"serverSide":0,"responseSettings":{"start":false,"startString":"","cTypeByte":0,"cTypePacket":0,"cTypeDelimiter":1,"cTypeCount":0,"delimiter":":","count":"","wDelimiter":"\\r","wCount":""},"source":"ide","user_devices":"/PMaster/projects/x4mm/user/devices/","system_devices":"/PMaster/projects/x4mm/data//system/devices","system_drivers":"/PMaster/projects/x4mm/data/system/drivers","user_drivers":"/PMaster/projects/x4mm/user/drivers/","loggingFlags":"{\n  \"Device Connected\": 37,\n  \"Device Disonnected\": 0,\n  \"Response\": 33,\n  \"Send Command\": 33,\n  \"Device Error\": 0\n}","hash":"d7e4eae1fc4e5bec2b3f1c5474562fbe","userDirectory":"/PMaster/projects/x4mm/user/"},"deviceMessage":"","time":1468708504858,"type":"XBlox","level":"info","message":"Message: PWR","timestamp":"2016-07-16T22:35:04.859Z"}
{"device":{"host":"192.168.1.99","port":"55","protocol":"tcp","driver":"SSH/Hercules.js","driverId":"04cd493d-2788-4096-cf54-1fdc11928180","driverScope":"user_drivers","id":"4b51aec8-dea8-cc45-e0e7-05744db8b690","devicePath":"Hercules-Test/Hercules.meta.json","deviceScope":"user_devices","title":"Hercules","options":"{}","driverOptions":0,"serverSide":0,"responseSettings":{"start":false,"startString":"","cTypeByte":0,"cTypePacket":0,"cTypeDelimiter":1,"cTypeCount":0,"delimiter":":","count":"","wDelimiter":"\\r","wCount":""},"source":"ide","user_devices":"/PMaster/projects/x4mm/user/devices/","system_devices":"/PMaster/projects/x4mm/data//system/devices","system_drivers":"/PMaster/projects/x4mm/data/system/drivers","user_drivers":"/PMaster/projects/x4mm/user/drivers/","loggingFlags":"{\n  \"Device Connected\": 37,\n  \"Device Disonnected\": 0,\n  \"Response\": 33,\n  \"Send Command\": 33,\n  \"Device Error\": 0\n}","hash":"d7e4eae1fc4e5bec2b3f1c5474562fbe","userDirectory":"/PMaster/projects/x4mm/user/"},"deviceMessage":"","time":1468708505352,"type":"XBlox","level":"info","message":"Message: PWR","timestamp":"2016-07-16T22:35:05.354Z"}
{"device":{"host":"192.168.1.99","port":"55","protocol":"tcp","driver":"SSH/Hercules.js","driverId":"04cd493d-2788-4096-cf54-1fdc11928180","driverScope":"user_drivers","id":"4b51aec8-dea8-cc45-e0e7-05744db8b690","devicePath":"Hercules-Test/Hercules.meta.json","deviceScope":"user_devices","title":"Hercules","options":"{}","driverOptions":0,"serverSide":0,"responseSettings":{"start":false,"startString":"","cTypeByte":0,"cTypePacket":0,"cTypeDelimiter":1,"cTypeCount":0,"delimiter":":","count":"","wDelimiter":"\\r","wCount":""},"source":"ide","user_devices":"/PMaster/projects/x4mm/user/devices/","system_devices":"/PMaster/projects/x4mm/data//system/devices","system_drivers":"/PMaster/projects/x4mm/data/system/drivers","user_drivers":"/PMaster/projects/x4mm/user/drivers/","loggingFlags":"{\n  \"Device Connected\": 37,\n  \"Device Disonnected\": 0,\n  \"Response\": 33,\n  \"Send Command\": 33,\n  \"Device Error\": 0\n}","hash":"d7e4eae1fc4e5bec2b3f1c5474562fbe","userDirectory":"/PMaster/projects/x4mm/user/"},"deviceMessage":"","time":1468708621162,"type":"XBlox","level":"info","message":"Message: PWR","timestamp":"2016-07-16T22:37:01.164Z"}
{"device":{"host":"192.168.1.99","port":"55","protocol":"tcp","driver":"SSH/Hercules.js","driverId":"04cd493d-2788-4096-cf54-1fdc11928180","driverScope":"user_drivers","id":"4b51aec8-dea8-cc45-e0e7-05744db8b690","devicePath":"Hercules-Test/Hercules.meta.json","deviceScope":"user_devices","title":"Hercules","options":"{}","driverOptions":0,"serverSide":0,"responseSettings":{"start":false,"startString":"","cTypeByte":0,"cTypePacket":0,"cTypeDelimiter":1,"cTypeCount":0,"delimiter":":","count":"","wDelimiter":"\\r","wCount":""},"source":"ide","user_devices":"/PMaster/projects/x4mm/user/devices/","system_devices":"/PMaster/projects/x4mm/data//system/devices","system_drivers":"/PMaster/projects/x4mm/data/system/drivers","user_drivers":"/PMaster/projects/x4mm/user/drivers/","loggingFlags":"{\n  \"Device Connected\": 37,\n  \"Device Disonnected\": 0,\n  \"Response\": 33,\n  \"Send Command\": 33,\n  \"Device Error\": 0\n}","hash":"d7e4eae1fc4e5bec2b3f1c5474562fbe","userDirectory":"/PMaster/projects/x4mm/user/"},"deviceMessage":"","time":1468708628335,"type":"XBlox","level":"info","message":"return \"Message: \" + arguments[0];","timestamp":"2016-07-16T22:37:08.337Z"}
{"device":{"host":"192.168.1.99","port":"55","protocol":"tcp","driver":"SSH/Hercules.js","driverId":"04cd493d-2788-4096-cf54-1fdc11928180","driverScope":"user_drivers","id":"4b51aec8-dea8-cc45-e0e7-05744db8b690","devicePath":"Hercules-Test/Hercules.meta.json","deviceScope":"user_devices","title":"Hercules","options":"{}","driverOptions":0,"serverSide":0,"responseSettings":{"start":false,"startString":"","cTypeByte":0,"cTypePacket":0,"cTypeDelimiter":1,"cTypeCount":0,"delimiter":":","count":"","wDelimiter":"\\r","wCount":""},"source":"ide","user_devices":"/PMaster/projects/x4mm/user/devices/","system_devices":"/PMaster/projects/x4mm/data//system/devices","system_drivers":"/PMaster/projects/x4mm/data/system/drivers","user_drivers":"/PMaster/projects/x4mm/user/drivers/","loggingFlags":"{\n  \"Device Connected\": 37,\n  \"Device Disonnected\": 0,\n  \"Response\": 33,\n  \"Send Command\": 33,\n  \"Device Error\": 0\n}","hash":"d7e4eae1fc4e5bec2b3f1c5474562fbe","userDirectory":"/PMaster/projects/x4mm/user/"},"deviceMessage":"","time":1468708919919,"type":"XBlox","level":"info","message":"Message: ","timestamp":"2016-07-16T22:41:59.923Z"}
{"device":{"host":"192.168.1.99","port":"55","protocol":"tcp","driver":"SSH/Hercules.js","driverId":"04cd493d-2788-4096-cf54-1fdc11928180","driverScope":"user_drivers","id":"4b51aec8-dea8-cc45-e0e7-05744db8b690","devicePath":"Hercules-Test/Hercules.meta.json","deviceScope":"user_devices","title":"Hercules","options":"{}","driverOptions":0,"serverSide":0,"responseSettings":{"start":false,"startString":"","cTypeByte":0,"cTypePacket":0,"cTypeDelimiter":1,"cTypeCount":0,"delimiter":":","count":"","wDelimiter":"\\r","wCount":""},"source":"ide","user_devices":"/PMaster/projects/x4mm/user/devices/","system_devices":"/PMaster/projects/x4mm/data//system/devices","system_drivers":"/PMaster/projects/x4mm/data/system/drivers","user_drivers":"/PMaster/projects/x4mm/user/drivers/","loggingFlags":"{\n  \"Device Connected\": 37,\n  \"Device Disonnected\": 0,\n  \"Response\": 33,\n  \"Send Command\": 33,\n  \"Device Error\": 0\n}","hash":"d7e4eae1fc4e5bec2b3f1c5474562fbe","userDirectory":"/PMaster/projects/x4mm/user/"},"deviceMessage":"","time":1468708935698,"type":"XBlox","level":"info","message":"Message: ","timestamp":"2016-07-16T22:42:15.704Z"}
{"device":{"host":"192.168.1.99","port":"55","protocol":"tcp","driver":"SSH/Hercules.js","driverId":"04cd493d-2788-4096-cf54-1fdc11928180","driverScope":"user_drivers","id":"4b51aec8-dea8-cc45-e0e7-05744db8b690","devicePath":"Hercules-Test/Hercules.meta.json","deviceScope":"user_devices","title":"Hercules","options":"{}","driverOptions":0,"serverSide":0,"responseSettings":{"start":false,"startString":"","cTypeByte":0,"cTypePacket":0,"cTypeDelimiter":1,"cTypeCount":0,"delimiter":":","count":"","wDelimiter":"\\r","wCount":""},"source":"ide","user_devices":"/PMaster/projects/x4mm/user/devices/","system_devices":"/PMaster/projects/x4mm/data//system/devices","system_drivers":"/PMaster/projects/x4mm/data/system/drivers","user_drivers":"/PMaster/projects/x4mm/user/drivers/","loggingFlags":"{\n  \"Device Connected\": 37,\n  \"Device Disonnected\": 0,\n  \"Response\": 33,\n  \"Send Command\": 33,\n  \"Device Error\": 0\n}","hash":"d7e4eae1fc4e5bec2b3f1c5474562fbe","userDirectory":"/PMaster/projects/x4mm/user/"},"deviceMessage":"","time":1468709029719,"type":"XBlox","level":"info","message":"Message: ","timestamp":"2016-07-16T22:43:49.721Z"}
{"device":{"host":"192.168.1.99","port":"55","protocol":"tcp","driver":"SSH/Hercules.js","driverId":"04cd493d-2788-4096-cf54-1fdc11928180","driverScope":"user_drivers","id":"4b51aec8-dea8-cc45-e0e7-05744db8b690","devicePath":"Hercules-Test/Hercules.meta.json","deviceScope":"user_devices","title":"Hercules","options":"{}","driverOptions":0,"serverSide":0,"responseSettings":{"start":false,"startString":"","cTypeByte":0,"cTypePacket":0,"cTypeDelimiter":1,"cTypeCount":0,"delimiter":":","count":"","wDelimiter":"\\r","wCount":""},"source":"ide","user_devices":"/PMaster/projects/x4mm/user/devices/","system_devices":"/PMaster/projects/x4mm/data//system/devices","system_drivers":"/PMaster/projects/x4mm/data/system/drivers","user_drivers":"/PMaster/projects/x4mm/user/drivers/","loggingFlags":"{\n  \"Device Connected\": 37,\n  \"Device Disonnected\": 0,\n  \"Response\": 33,\n  \"Send Command\": 33,\n  \"Device Error\": 0\n}","hash":"d7e4eae1fc4e5bec2b3f1c5474562fbe","userDirectory":"/PMaster/projects/x4mm/user/"},"deviceMessage":"","time":1468709029719,"type":"XBlox","level":"info","message":"Message: ","timestamp":"2016-07-16T22:43:49.724Z"}
{"device":{"host":"192.168.1.99","port":"55","protocol":"tcp","driver":"SSH/Hercules.js","driverId":"04cd493d-2788-4096-cf54-1fdc11928180","driverScope":"user_drivers","id":"4b51aec8-dea8-cc45-e0e7-05744db8b690","devicePath":"Hercules-Test/Hercules.meta.json","deviceScope":"user_devices","title":"Hercules","options":"{}","driverOptions":0,"serverSide":0,"responseSettings":{"start":false,"startString":"","cTypeByte":0,"cTypePacket":0,"cTypeDelimiter":1,"cTypeCount":0,"delimiter":":","count":"","wDelimiter":"\\r","wCount":""},"source":"ide","user_devices":"/PMaster/projects/x4mm/user/devices/","system_devices":"/PMaster/projects/x4mm/data//system/devices","system_drivers":"/PMaster/projects/x4mm/data/system/drivers","user_drivers":"/PMaster/projects/x4mm/user/drivers/","loggingFlags":"{\n  \"Device Connected\": 37,\n  \"Device Disonnected\": 0,\n  \"Response\": 33,\n  \"Send Command\": 33,\n  \"Device Error\": 0\n}","hash":"d7e4eae1fc4e5bec2b3f1c5474562fbe","userDirectory":"/PMaster/projects/x4mm/user/"},"deviceMessage":"","time":1468709029719,"type":"XBlox","level":"info","message":"Message: ","timestamp":"2016-07-16T22:43:49.726Z"}
{"device":{"host":"192.168.1.99","port":"55","protocol":"tcp","driver":"SSH/Hercules.js","driverId":"04cd493d-2788-4096-cf54-1fdc11928180","driverScope":"user_drivers","id":"4b51aec8-dea8-cc45-e0e7-05744db8b690","devicePath":"Hercules-Test/Hercules.meta.json","deviceScope":"user_devices","title":"Hercules","options":"{}","driverOptions":0,"serverSide":0,"responseSettings":{"start":false,"startString":"","cTypeByte":0,"cTypePacket":0,"cTypeDelimiter":1,"cTypeCount":0,"delimiter":":","count":"","wDelimiter":"\\r","wCount":""},"source":"ide","user_devices":"/PMaster/projects/x4mm/user/devices/","system_devices":"/PMaster/projects/x4mm/data//system/devices","system_drivers":"/PMaster/projects/x4mm/data/system/drivers","user_drivers":"/PMaster/projects/x4mm/user/drivers/","loggingFlags":"{\n  \"Device Connected\": 37,\n  \"Device Disonnected\": 0,\n  \"Response\": 33,\n  \"Send Command\": 33,\n  \"Device Error\": 0\n}","hash":"d7e4eae1fc4e5bec2b3f1c5474562fbe","userDirectory":"/PMaster/projects/x4mm/user/"},"deviceMessage":"","time":1468709029719,"type":"XBlox","level":"info","message":"Message: ","timestamp":"2016-07-16T22:43:49.728Z"}
{"device":{"host":"192.168.1.99","port":"55","protocol":"tcp","driver":"SSH/Hercules.js","driverId":"04cd493d-2788-4096-cf54-1fdc11928180","driverScope":"user_drivers","id":"4b51aec8-dea8-cc45-e0e7-05744db8b690","devicePath":"Hercules-Test/Hercules.meta.json","deviceScope":"user_devices","title":"Hercules","options":"{}","driverOptions":0,"serverSide":0,"responseSettings":{"start":false,"startString":"","cTypeByte":0,"cTypePacket":0,"cTypeDelimiter":1,"cTypeCount":0,"delimiter":":","count":"","wDelimiter":"\\r","wCount":""},"source":"ide","user_devices":"/PMaster/projects/x4mm/user/devices/","system_devices":"/PMaster/projects/x4mm/data//system/devices","system_drivers":"/PMaster/projects/x4mm/data/system/drivers","user_drivers":"/PMaster/projects/x4mm/user/drivers/","loggingFlags":"{\n  \"Device Connected\": 37,\n  \"Device Disonnected\": 0,\n  \"Response\": 33,\n  \"Send Command\": 33,\n  \"Device Error\": 0\n}","hash":"d7e4eae1fc4e5bec2b3f1c5474562fbe","userDirectory":"/PMaster/projects/x4mm/user/"},"deviceMessage":"","time":1468709029719,"type":"XBlox","level":"info","message":"Message: ","timestamp":"2016-07-16T22:43:49.729Z"}
{"device":{"host":"192.168.1.99","port":"55","protocol":"tcp","driver":"SSH/Hercules.js","driverId":"04cd493d-2788-4096-cf54-1fdc11928180","driverScope":"user_drivers","id":"4b51aec8-dea8-cc45-e0e7-05744db8b690","devicePath":"Hercules-Test/Hercules.meta.json","deviceScope":"user_devices","title":"Hercules","options":"{}","driverOptions":0,"serverSide":0,"responseSettings":{"start":false,"startString":"","cTypeByte":0,"cTypePacket":0,"cTypeDelimiter":1,"cTypeCount":0,"delimiter":":","count":"","wDelimiter":"\\r","wCount":""},"source":"ide","user_devices":"/PMaster/projects/x4mm/user/devices/","system_devices":"/PMaster/projects/x4mm/data//system/devices","system_drivers":"/PMaster/projects/x4mm/data/system/drivers","user_drivers":"/PMaster/projects/x4mm/user/drivers/","loggingFlags":"{\n  \"Device Connected\": 37,\n  \"Device Disonnected\": 0,\n  \"Response\": 33,\n  \"Send Command\": 33,\n  \"Device Error\": 0\n}","hash":"d7e4eae1fc4e5bec2b3f1c5474562fbe","userDirectory":"/PMaster/projects/x4mm/user/"},"deviceMessage":"","time":1468709029719,"type":"XBlox","level":"info","message":"Message: ","timestamp":"2016-07-16T22:43:49.730Z"}
{"device":{"host":"192.168.1.99","port":"55","protocol":"tcp","driver":"SSH/Hercules.js","driverId":"04cd493d-2788-4096-cf54-1fdc11928180","driverScope":"user_drivers","id":"4b51aec8-dea8-cc45-e0e7-05744db8b690","devicePath":"Hercules-Test/Hercules.meta.json","deviceScope":"user_devices","title":"Hercules","options":"{}","driverOptions":0,"serverSide":0,"responseSettings":{"start":false,"startString":"","cTypeByte":0,"cTypePacket":0,"cTypeDelimiter":1,"cTypeCount":0,"delimiter":":","count":"","wDelimiter":"\\r","wCount":""},"source":"ide","user_devices":"/PMaster/projects/x4mm/user/devices/","system_devices":"/PMaster/projects/x4mm/data//system/devices","system_drivers":"/PMaster/projects/x4mm/data/system/drivers","user_drivers":"/PMaster/projects/x4mm/user/drivers/","loggingFlags":"{\n  \"Device Connected\": 37,\n  \"Device Disonnected\": 0,\n  \"Response\": 33,\n  \"Send Command\": 33,\n  \"Device Error\": 0\n}","hash":"d7e4eae1fc4e5bec2b3f1c5474562fbe","userDirectory":"/PMaster/projects/x4mm/user/"},"deviceMessage":"","time":1468709029719,"type":"XBlox","level":"info","message":"Message: ","timestamp":"2016-07-16T22:43:49.733Z"}
{"device":{"host":"192.168.1.99","port":"55","protocol":"tcp","driver":"SSH/Hercules.js","driverId":"04cd493d-2788-4096-cf54-1fdc11928180","driverScope":"user_drivers","id":"4b51aec8-dea8-cc45-e0e7-05744db8b690","devicePath":"Hercules-Test/Hercules.meta.json","deviceScope":"user_devices","title":"Hercules","options":"{}","driverOptions":0,"serverSide":0,"responseSettings":{"start":false,"startString":"","cTypeByte":0,"cTypePacket":0,"cTypeDelimiter":1,"cTypeCount":0,"delimiter":":","count":"","wDelimiter":"\\r","wCount":""},"source":"ide","user_devices":"/PMaster/projects/x4mm/user/devices/","system_devices":"/PMaster/projects/x4mm/data//system/devices","system_drivers":"/PMaster/projects/x4mm/data/system/drivers","user_drivers":"/PMaster/projects/x4mm/user/drivers/","loggingFlags":"{\n  \"Device Connected\": 37,\n  \"Device Disonnected\": 0,\n  \"Response\": 33,\n  \"Send Command\": 33,\n  \"Device Error\": 0\n}","hash":"d7e4eae1fc4e5bec2b3f1c5474562fbe","userDirectory":"/PMaster/projects/x4mm/user/"},"deviceMessage":"","time":1468709029719,"type":"XBlox","level":"info","message":"Message: ","timestamp":"2016-07-16T22:43:49.735Z"}
{"device":{"host":"192.168.1.99","port":"55","protocol":"tcp","driver":"SSH/Hercules.js","driverId":"04cd493d-2788-4096-cf54-1fdc11928180","driverScope":"user_drivers","id":"4b51aec8-dea8-cc45-e0e7-05744db8b690","devicePath":"Hercules-Test/Hercules.meta.json","deviceScope":"user_devices","title":"Hercules","options":"{}","driverOptions":0,"serverSide":0,"responseSettings":{"start":false,"startString":"","cTypeByte":0,"cTypePacket":0,"cTypeDelimiter":1,"cTypeCount":0,"delimiter":":","count":"","wDelimiter":"\\r","wCount":""},"source":"ide","user_devices":"/PMaster/projects/x4mm/user/devices/","system_devices":"/PMaster/projects/x4mm/data//system/devices","system_drivers":"/PMaster/projects/x4mm/data/system/drivers","user_drivers":"/PMaster/projects/x4mm/user/drivers/","loggingFlags":"{\n  \"Device Connected\": 37,\n  \"Device Disonnected\": 0,\n  \"Response\": 33,\n  \"Send Command\": 33,\n  \"Device Error\": 0\n}","hash":"d7e4eae1fc4e5bec2b3f1c5474562fbe","userDirectory":"/PMaster/projects/x4mm/user/"},"deviceMessage":"","time":1468709029719,"type":"XBlox","level":"info","message":"Message: ","timestamp":"2016-07-16T22:43:49.737Z"}
{"device":{"host":"192.168.1.99","port":"55","protocol":"tcp","driver":"SSH/Hercules.js","driverId":"04cd493d-2788-4096-cf54-1fdc11928180","driverScope":"user_drivers","id":"4b51aec8-dea8-cc45-e0e7-05744db8b690","devicePath":"Hercules-Test/Hercules.meta.json","deviceScope":"user_devices","title":"Hercules","options":"{}","driverOptions":0,"serverSide":0,"responseSettings":{"start":false,"startString":"","cTypeByte":0,"cTypePacket":0,"cTypeDelimiter":1,"cTypeCount":0,"delimiter":":","count":"","wDelimiter":"\\r","wCount":""},"source":"ide","user_devices":"/PMaster/projects/x4mm/user/devices/","system_devices":"/PMaster/projects/x4mm/data//system/devices","system_drivers":"/PMaster/projects/x4mm/data/system/drivers","user_drivers":"/PMaster/projects/x4mm/user/drivers/","loggingFlags":"{\n  \"Device Connected\": 37,\n  \"Device Disonnected\": 0,\n  \"Response\": 33,\n  \"Send Command\": 33,\n  \"Device Error\": 0\n}","hash":"d7e4eae1fc4e5bec2b3f1c5474562fbe","userDirectory":"/PMaster/projects/x4mm/user/"},"deviceMessage":"","time":1468709029792,"type":"XBlox","level":"info","message":"Message: ","timestamp":"2016-07-16T22:43:49.794Z"}
{"device":{"host":"192.168.1.99","port":"55","protocol":"tcp","driver":"SSH/Hercules.js","driverId":"04cd493d-2788-4096-cf54-1fdc11928180","driverScope":"user_drivers","id":"4b51aec8-dea8-cc45-e0e7-05744db8b690","devicePath":"Hercules-Test/Hercules.meta.json","deviceScope":"user_devices","title":"Hercules","options":"{}","driverOptions":0,"serverSide":0,"responseSettings":{"start":false,"startString":"","cTypeByte":0,"cTypePacket":0,"cTypeDelimiter":1,"cTypeCount":0,"delimiter":":","count":"","wDelimiter":"\\r","wCount":""},"source":"ide","user_devices":"/PMaster/projects/x4mm/user/devices/","system_devices":"/PMaster/projects/x4mm/data//system/devices","system_drivers":"/PMaster/projects/x4mm/data/system/drivers","user_drivers":"/PMaster/projects/x4mm/user/drivers/","loggingFlags":"{\n  \"Device Connected\": 37,\n  \"Device Disonnected\": 0,\n  \"Response\": 33,\n  \"Send Command\": 33,\n  \"Device Error\": 0\n}","hash":"d7e4eae1fc4e5bec2b3f1c5474562fbe","userDirectory":"/PMaster/projects/x4mm/user/"},"deviceMessage":"","time":1468709029792,"type":"XBlox","level":"info","message":"Message: ","timestamp":"2016-07-16T22:43:49.796Z"}
{"device":{"host":"192.168.1.99","port":"55","protocol":"tcp","driver":"SSH/Hercules.js","driverId":"04cd493d-2788-4096-cf54-1fdc11928180","driverScope":"user_drivers","id":"4b51aec8-dea8-cc45-e0e7-05744db8b690","devicePath":"Hercules-Test/Hercules.meta.json","deviceScope":"user_devices","title":"Hercules","options":"{}","driverOptions":0,"serverSide":0,"responseSettings":{"start":false,"startString":"","cTypeByte":0,"cTypePacket":0,"cTypeDelimiter":1,"cTypeCount":0,"delimiter":":","count":"","wDelimiter":"\\r","wCount":""},"source":"ide","user_devices":"/PMaster/projects/x4mm/user/devices/","system_devices":"/PMaster/projects/x4mm/data//system/devices","system_drivers":"/PMaster/projects/x4mm/data/system/drivers","user_drivers":"/PMaster/projects/x4mm/user/drivers/","loggingFlags":"{\n  \"Device Connected\": 37,\n  \"Device Disonnected\": 0,\n  \"Response\": 33,\n  \"Send Command\": 33,\n  \"Device Error\": 0\n}","hash":"d7e4eae1fc4e5bec2b3f1c5474562fbe","userDirectory":"/PMaster/projects/x4mm/user/"},"deviceMessage":"","time":1468709029792,"type":"XBlox","level":"info","message":"Message: ","timestamp":"2016-07-16T22:43:49.798Z"}
{"device":{"host":"192.168.1.99","port":"55","protocol":"tcp","driver":"SSH/Hercules.js","driverId":"04cd493d-2788-4096-cf54-1fdc11928180","driverScope":"user_drivers","id":"4b51aec8-dea8-cc45-e0e7-05744db8b690","devicePath":"Hercules-Test/Hercules.meta.json","deviceScope":"user_devices","title":"Hercules","options":"{}","driverOptions":0,"serverSide":0,"responseSettings":{"start":false,"startString":"","cTypeByte":0,"cTypePacket":0,"cTypeDelimiter":1,"cTypeCount":0,"delimiter":":","count":"","wDelimiter":"\\r","wCount":""},"source":"ide","user_devices":"/PMaster/projects/x4mm/user/devices/","system_devices":"/PMaster/projects/x4mm/data//system/devices","system_drivers":"/PMaster/projects/x4mm/data/system/drivers","user_drivers":"/PMaster/projects/x4mm/user/drivers/","loggingFlags":"{\n  \"Device Connected\": 37,\n  \"Device Disonnected\": 0,\n  \"Response\": 33,\n  \"Send Command\": 33,\n  \"Device Error\": 0\n}","hash":"d7e4eae1fc4e5bec2b3f1c5474562fbe","userDirectory":"/PMaster/projects/x4mm/user/"},"deviceMessage":"","time":1468709029792,"type":"XBlox","level":"info","message":"Message: ","timestamp":"2016-07-16T22:43:49.801Z"}
{"device":{"host":"192.168.1.99","port":"55","protocol":"tcp","driver":"SSH/Hercules.js","driverId":"04cd493d-2788-4096-cf54-1fdc11928180","driverScope":"user_drivers","id":"4b51aec8-dea8-cc45-e0e7-05744db8b690","devicePath":"Hercules-Test/Hercules.meta.json","deviceScope":"user_devices","title":"Hercules","options":"{}","driverOptions":0,"serverSide":0,"responseSettings":{"start":false,"startString":"","cTypeByte":0,"cTypePacket":0,"cTypeDelimiter":1,"cTypeCount":0,"delimiter":":","count":"","wDelimiter":"\\r","wCount":""},"source":"ide","user_devices":"/PMaster/projects/x4mm/user/devices/","system_devices":"/PMaster/projects/x4mm/data//system/devices","system_drivers":"/PMaster/projects/x4mm/data/system/drivers","user_drivers":"/PMaster/projects/x4mm/user/drivers/","loggingFlags":"{\n  \"Device Connected\": 37,\n  \"Device Disonnected\": 0,\n  \"Response\": 33,\n  \"Send Command\": 33,\n  \"Device Error\": 0\n}","hash":"d7e4eae1fc4e5bec2b3f1c5474562fbe","userDirectory":"/PMaster/projects/x4mm/user/"},"deviceMessage":"","time":1468709029792,"type":"XBlox","level":"info","message":"Message: ","timestamp":"2016-07-16T22:43:49.804Z"}
{"device":{"host":"192.168.1.99","port":"55","protocol":"tcp","driver":"SSH/Hercules.js","driverId":"04cd493d-2788-4096-cf54-1fdc11928180","driverScope":"user_drivers","id":"4b51aec8-dea8-cc45-e0e7-05744db8b690","devicePath":"Hercules-Test/Hercules.meta.json","deviceScope":"user_devices","title":"Hercules","options":"{}","driverOptions":0,"serverSide":0,"responseSettings":{"start":false,"startString":"","cTypeByte":0,"cTypePacket":0,"cTypeDelimiter":1,"cTypeCount":0,"delimiter":":","count":"","wDelimiter":"\\r","wCount":""},"source":"ide","user_devices":"/PMaster/projects/x4mm/user/devices/","system_devices":"/PMaster/projects/x4mm/data//system/devices","system_drivers":"/PMaster/projects/x4mm/data/system/drivers","user_drivers":"/PMaster/projects/x4mm/user/drivers/","loggingFlags":"{\n  \"Device Connected\": 37,\n  \"Device Disonnected\": 0,\n  \"Response\": 33,\n  \"Send Command\": 33,\n  \"Device Error\": 0\n}","hash":"d7e4eae1fc4e5bec2b3f1c5474562fbe","userDirectory":"/PMaster/projects/x4mm/user/"},"deviceMessage":"","time":1468709029792,"type":"XBlox","level":"info","message":"Message: ","timestamp":"2016-07-16T22:43:49.805Z"}
{"device":{"host":"192.168.1.99","port":"55","protocol":"tcp","driver":"SSH/Hercules.js","driverId":"04cd493d-2788-4096-cf54-1fdc11928180","driverScope":"user_drivers","id":"4b51aec8-dea8-cc45-e0e7-05744db8b690","devicePath":"Hercules-Test/Hercules.meta.json","deviceScope":"user_devices","title":"Hercules","options":"{}","driverOptions":0,"serverSide":0,"responseSettings":{"start":false,"startString":"","cTypeByte":0,"cTypePacket":0,"cTypeDelimiter":1,"cTypeCount":0,"delimiter":":","count":"","wDelimiter":"\\r","wCount":""},"source":"ide","user_devices":"/PMaster/projects/x4mm/user/devices/","system_devices":"/PMaster/projects/x4mm/data//system/devices","system_drivers":"/PMaster/projects/x4mm/data/system/drivers","user_drivers":"/PMaster/projects/x4mm/user/drivers/","loggingFlags":"{\n  \"Device Connected\": 37,\n  \"Device Disonnected\": 0,\n  \"Response\": 33,\n  \"Send Command\": 33,\n  \"Device Error\": 0\n}","hash":"d7e4eae1fc4e5bec2b3f1c5474562fbe","userDirectory":"/PMaster/projects/x4mm/user/"},"deviceMessage":"","time":1468709029792,"type":"XBlox","level":"info","message":"Message: ","timestamp":"2016-07-16T22:43:49.808Z"}
{"device":{"host":"192.168.1.99","port":"55","protocol":"tcp","driver":"SSH/Hercules.js","driverId":"04cd493d-2788-4096-cf54-1fdc11928180","driverScope":"user_drivers","id":"4b51aec8-dea8-cc45-e0e7-05744db8b690","devicePath":"Hercules-Test/Hercules.meta.json","deviceScope":"user_devices","title":"Hercules","options":"{}","driverOptions":0,"serverSide":0,"responseSettings":{"start":false,"startString":"","cTypeByte":0,"cTypePacket":0,"cTypeDelimiter":1,"cTypeCount":0,"delimiter":":","count":"","wDelimiter":"\\r","wCount":""},"source":"ide","user_devices":"/PMaster/projects/x4mm/user/devices/","system_devices":"/PMaster/projects/x4mm/data//system/devices","system_drivers":"/PMaster/projects/x4mm/data/system/drivers","user_drivers":"/PMaster/projects/x4mm/user/drivers/","loggingFlags":"{\n  \"Device Connected\": 37,\n  \"Device Disonnected\": 0,\n  \"Response\": 33,\n  \"Send Command\": 33,\n  \"Device Error\": 0\n}","hash":"d7e4eae1fc4e5bec2b3f1c5474562fbe","userDirectory":"/PMaster/projects/x4mm/user/"},"deviceMessage":"","time":1468709029792,"type":"XBlox","level":"info","message":"Message: ","timestamp":"2016-07-16T22:43:49.810Z"}
{"device":{"host":"192.168.1.99","port":"55","protocol":"tcp","driver":"SSH/Hercules.js","driverId":"04cd493d-2788-4096-cf54-1fdc11928180","driverScope":"user_drivers","id":"4b51aec8-dea8-cc45-e0e7-05744db8b690","devicePath":"Hercules-Test/Hercules.meta.json","deviceScope":"user_devices","title":"Hercules","options":"{}","driverOptions":0,"serverSide":0,"responseSettings":{"start":false,"startString":"","cTypeByte":0,"cTypePacket":0,"cTypeDelimiter":1,"cTypeCount":0,"delimiter":":","count":"","wDelimiter":"\\r","wCount":""},"source":"ide","user_devices":"/PMaster/projects/x4mm/user/devices/","system_devices":"/PMaster/projects/x4mm/data//system/devices","system_drivers":"/PMaster/projects/x4mm/data/system/drivers","user_drivers":"/PMaster/projects/x4mm/user/drivers/","loggingFlags":"{\n  \"Device Connected\": 37,\n  \"Device Disonnected\": 0,\n  \"Response\": 33,\n  \"Send Command\": 33,\n  \"Device Error\": 0\n}","hash":"d7e4eae1fc4e5bec2b3f1c5474562fbe","userDirectory":"/PMaster/projects/x4mm/user/"},"deviceMessage":"","time":1468709029792,"type":"XBlox","level":"info","message":"Message: ","timestamp":"2016-07-16T22:43:49.818Z"}
{"device":{"host":"192.168.1.99","port":"55","protocol":"tcp","driver":"SSH/Hercules.js","driverId":"04cd493d-2788-4096-cf54-1fdc11928180","driverScope":"user_drivers","id":"4b51aec8-dea8-cc45-e0e7-05744db8b690","devicePath":"Hercules-Test/Hercules.meta.json","deviceScope":"user_devices","title":"Hercules","options":"{}","driverOptions":0,"serverSide":0,"responseSettings":{"start":false,"startString":"","cTypeByte":0,"cTypePacket":0,"cTypeDelimiter":1,"cTypeCount":0,"delimiter":":","count":"","wDelimiter":"\\r","wCount":""},"source":"ide","user_devices":"/PMaster/projects/x4mm/user/devices/","system_devices":"/PMaster/projects/x4mm/data//system/devices","system_drivers":"/PMaster/projects/x4mm/data/system/drivers","user_drivers":"/PMaster/projects/x4mm/user/drivers/","loggingFlags":"{\n  \"Device Connected\": 37,\n  \"Device Disonnected\": 0,\n  \"Response\": 33,\n  \"Send Command\": 33,\n  \"Device Error\": 0\n}","hash":"d7e4eae1fc4e5bec2b3f1c5474562fbe","userDirectory":"/PMaster/projects/x4mm/user/"},"deviceMessage":"","time":1468709242766,"type":"XBlox","level":"info","message":"Message: ","timestamp":"2016-07-16T22:47:22.773Z"}
{"device":{"host":"192.168.1.99","port":"55","protocol":"tcp","driver":"SSH/Hercules.js","driverId":"04cd493d-2788-4096-cf54-1fdc11928180","driverScope":"user_drivers","id":"4b51aec8-dea8-cc45-e0e7-05744db8b690","devicePath":"Hercules-Test/Hercules.meta.json","deviceScope":"user_devices","title":"Hercules","options":"{}","driverOptions":0,"serverSide":0,"responseSettings":{"start":false,"startString":"","cTypeByte":0,"cTypePacket":0,"cTypeDelimiter":1,"cTypeCount":0,"delimiter":":","count":"","wDelimiter":"\\r","wCount":""},"source":"ide","user_devices":"/PMaster/projects/x4mm/user/devices/","system_devices":"/PMaster/projects/x4mm/data//system/devices","system_drivers":"/PMaster/projects/x4mm/data/system/drivers","user_drivers":"/PMaster/projects/x4mm/user/drivers/","loggingFlags":"{\n  \"Device Connected\": 37,\n  \"Device Disonnected\": 0,\n  \"Response\": 33,\n  \"Send Command\": 33,\n  \"Device Error\": 0\n}","hash":"d7e4eae1fc4e5bec2b3f1c5474562fbe","userDirectory":"/PMaster/projects/x4mm/user/"},"deviceMessage":"","time":1468711306366,"type":"XBlox","level":"info","message":"Message: ","timestamp":"2016-07-16T23:21:46.373Z"}
{"device":{"host":"192.168.1.99","port":"55","protocol":"tcp","driver":"SSH/Hercules.js","driverId":"04cd493d-2788-4096-cf54-1fdc11928180","driverScope":"user_drivers","id":"4b51aec8-dea8-cc45-e0e7-05744db8b690","devicePath":"Hercules-Test/Hercules.meta.json","deviceScope":"user_devices","title":"Hercules","options":"{}","driverOptions":0,"serverSide":0,"responseSettings":{"start":false,"startString":"","cTypeByte":0,"cTypePacket":0,"cTypeDelimiter":1,"cTypeCount":0,"delimiter":":","count":"","wDelimiter":"\\r","wCount":""},"source":"ide","user_devices":"/PMaster/projects/x4mm/user/devices/","system_devices":"/PMaster/projects/x4mm/data//system/devices","system_drivers":"/PMaster/projects/x4mm/data/system/drivers","user_drivers":"/PMaster/projects/x4mm/user/drivers/","loggingFlags":"{\n  \"Device Connected\": 37,\n  \"Device Disonnected\": 0,\n  \"Response\": 33,\n  \"Send Command\": 33,\n  \"Device Error\": 0\n}","hash":"d7e4eae1fc4e5bec2b3f1c5474562fbe","userDirectory":"/PMaster/projects/x4mm/user/"},"deviceMessage":"","time":1468711311401,"type":"XBlox","level":"info","message":"Message: ","timestamp":"2016-07-16T23:21:51.404Z"}
{"device":{"host":"192.168.1.99","port":"55","protocol":"tcp","driver":"SSH/Hercules.js","driverId":"04cd493d-2788-4096-cf54-1fdc11928180","driverScope":"user_drivers","id":"4b51aec8-dea8-cc45-e0e7-05744db8b690","devicePath":"Hercules-Test/Hercules.meta.json","deviceScope":"user_devices","title":"Hercules","options":"{}","driverOptions":0,"serverSide":0,"responseSettings":{"start":false,"startString":"","cTypeByte":0,"cTypePacket":0,"cTypeDelimiter":1,"cTypeCount":0,"delimiter":":","count":"","wDelimiter":"\\r","wCount":""},"source":"ide","user_devices":"/PMaster/projects/x4mm/user/devices/","system_devices":"/PMaster/projects/x4mm/data//system/devices","system_drivers":"/PMaster/projects/x4mm/data/system/drivers","user_drivers":"/PMaster/projects/x4mm/user/drivers/","loggingFlags":"{\n  \"Device Connected\": 37,\n  \"Device Disonnected\": 0,\n  \"Response\": 33,\n  \"Send Command\": 33,\n  \"Device Error\": 0\n}","hash":"d7e4eae1fc4e5bec2b3f1c5474562fbe","userDirectory":"/PMaster/projects/x4mm/user/"},"deviceMessage":"","time":1468711314694,"type":"XBlox","level":"info","message":"Message: ","timestamp":"2016-07-16T23:21:54.696Z"}
{"device":{"host":"192.168.1.99","port":"55","protocol":"tcp","driver":"SSH/Hercules.js","driverId":"04cd493d-2788-4096-cf54-1fdc11928180","driverScope":"user_drivers","id":"4b51aec8-dea8-cc45-e0e7-05744db8b690","devicePath":"Hercules-Test/Hercules.meta.json","deviceScope":"user_devices","title":"Hercules","options":"{}","driverOptions":0,"serverSide":0,"responseSettings":{"start":false,"startString":"","cTypeByte":0,"cTypePacket":0,"cTypeDelimiter":1,"cTypeCount":0,"delimiter":":","count":"","wDelimiter":"\\r","wCount":""},"source":"ide","user_devices":"/PMaster/projects/x4mm/user/devices/","system_devices":"/PMaster/projects/x4mm/data//system/devices","system_drivers":"/PMaster/projects/x4mm/data/system/drivers","user_drivers":"/PMaster/projects/x4mm/user/drivers/","loggingFlags":"{\n  \"Device Connected\": 37,\n  \"Device Disonnected\": 0,\n  \"Response\": 33,\n  \"Send Command\": 33,\n  \"Device Error\": 0\n}","hash":"d7e4eae1fc4e5bec2b3f1c5474562fbe","userDirectory":"/PMaster/projects/x4mm/user/"},"deviceMessage":"","time":1468711867923,"type":"XBlox","level":"info","message":"Message: ","timestamp":"2016-07-16T23:31:07.929Z"}
{"device":{"host":"192.168.1.99","port":"55","protocol":"tcp","driver":"SSH/Hercules.js","driverId":"04cd493d-2788-4096-cf54-1fdc11928180","driverScope":"user_drivers","id":"4b51aec8-dea8-cc45-e0e7-05744db8b690","devicePath":"Hercules-Test/Hercules.meta.json","deviceScope":"user_devices","title":"Hercules","options":"{}","driverOptions":0,"serverSide":0,"responseSettings":{"start":false,"startString":"","cTypeByte":0,"cTypePacket":0,"cTypeDelimiter":1,"cTypeCount":0,"delimiter":":","count":"","wDelimiter":"\\r","wCount":""},"source":"ide","user_devices":"/PMaster/projects/x4mm/user/devices/","system_devices":"/PMaster/projects/x4mm/data//system/devices","system_drivers":"/PMaster/projects/x4mm/data/system/drivers","user_drivers":"/PMaster/projects/x4mm/user/drivers/","loggingFlags":{"Device Connected":37,"Device Disonnected":0,"Response":33,"Send Command":33,"Device Error":0},"hash":"d7e4eae1fc4e5bec2b3f1c5474562fbe","userDirectory":"/PMaster/projects/x4mm/user/"},"deviceMessage":"","time":1468863629877,"type":"XBlox","level":"info","message":"Message: ","timestamp":"2016-07-18T17:40:29.888Z"}
{"device":{"host":"192.168.1.99","port":"55","protocol":"tcp","driver":"SSH/Hercules.js","driverId":"04cd493d-2788-4096-cf54-1fdc11928180","driverScope":"user_drivers","id":"4b51aec8-dea8-cc45-e0e7-05744db8b690","devicePath":"Hercules-Test/Hercules.meta.json","deviceScope":"user_devices","title":"Hercules","options":"{}","driverOptions":0,"serverSide":0,"responseSettings":{"start":false,"startString":"","cTypeByte":0,"cTypePacket":0,"cTypeDelimiter":1,"cTypeCount":0,"delimiter":":","count":"","wDelimiter":"\\r","wCount":""},"source":"ide","user_devices":"/PMaster/projects/x4mm/user/devices/","system_devices":"/PMaster/projects/x4mm/data//system/devices","system_drivers":"/PMaster/projects/x4mm/data/system/drivers","user_drivers":"/PMaster/projects/x4mm/user/drivers/","loggingFlags":"{\n  \"Device Connected\": 37,\n  \"Device Disonnected\": 0,\n  \"Response\": 33,\n  \"Send Command\": 33,\n  \"Device Error\": 0\n}","hash":"d7e4eae1fc4e5bec2b3f1c5474562fbe","userDirectory":"/PMaster/projects/x4mm/user/"},"deviceMessage":"","time":1468917017151,"type":"XBlox","level":"info","message":"Message: ","timestamp":"2016-07-19T08:30:17.157Z"}
