{"device":{"host":"192.168.1.51","port":"55","protocol":"tcp","driver":"SSH/Hercules.js","driverId":"04cd493d-2788-4096-cf54-1fdc11928180","driverScope":"user_drivers","id":"4b51aec8-dea8-cc45-e0e7-05744db8b690","devicePath":"Hercules-Test/Hercules.meta.json","deviceScope":"user_devices","title":"Hercules","options":"{}","driverOptions":16,"serverSide":0,"responseSettings":{"start":false,"startString":"","cTypeByte":0,"cTypePacket":0,"cTypeDelimiter":1,"cTypeCount":0,"delimiter":"asd","count":"","wDelimiter":"\\r","wCount":""},"source":"ide","user_devices":"/PMaster/projects/x4mm/user/devices/","system_devices":"/PMaster/projects/x4mm/data//system/devices","system_drivers":"/PMaster/projects/x4mm/data/system/drivers","user_drivers":"/PMaster/projects/x4mm/user/drivers/","loggingFlags":"{\n  \"Device Connected\": 0,\n  \"Device Disonnected\": 0,\n  \"Response\": 33,\n  \"Send Command\": 0,\n  \"Device Error\": 0\n}","hash":"aa2ec2025b3cf9a6233e129017ab1591","userDirectory":"/PMaster/projects/x4mm/user/"},"deviceMessage":"","time":1472633622278,"type":"XBlox","level":"info","message":"Message: ","timestamp":"2016-08-31T08:53:42.281Z"}
