{"device":{"host":"192.168.1.106","port":"55","protocol":"tcp","driver":"SSH/Hercules.js","driverId":"04cd493d-2788-4096-cf54-1fdc11928180","driverScope":"user_drivers","id":"4b51aec8-dea8-cc45-e0e7-05744db8b690","devicePath":"Hercules-Test/Hercules.meta.json","deviceScope":"user_devices","title":"Hercules","options":"{}","driverOptions":16,"serverSide":0,"responseSettings":{"start":false,"startString":"","cTypeByte":0,"cTypePacket":0,"cTypeDelimiter":1,"cTypeCount":0,"delimiter":"","count":"","wDelimiter":"\\r","wCount":""},"source":"ide","user_devices":"/PMaster/projects/x4mm/user/devices/","system_devices":"/PMaster/projects/x4mm/data//system/devices","system_drivers":"/PMaster/projects/x4mm/data/system/drivers","user_drivers":"/PMaster/projects/x4mm/user/drivers/","loggingFlags":"{\n  \"Device Connected\": 0,\n  \"Device Disonnected\": 0,\n  \"Response\": 33,\n  \"Send Command\": 0,\n  \"Device Error\": 0\n}","hash":"a1767b061a8d3e78df1467e452c8a519","userDirectory":"/PMaster/projects/x4mm/user/"},"deviceMessage":"","time":1471561927051,"type":"XBlox","level":"info","message":"Message: ","timestamp":"2016-08-18T23:12:07.056Z"}
{"device":{"host":"192.168.1.106","port":"55","protocol":"tcp","driver":"SSH/Hercules.js","driverId":"04cd493d-2788-4096-cf54-1fdc11928180","driverScope":"user_drivers","id":"4b51aec8-dea8-cc45-e0e7-05744db8b690","devicePath":"Hercules-Test/Hercules.meta.json","deviceScope":"user_devices","title":"Hercules","options":"{}","driverOptions":16,"serverSide":0,"responseSettings":{"start":false,"startString":"","cTypeByte":0,"cTypePacket":0,"cTypeDelimiter":1,"cTypeCount":0,"delimiter":"","count":"","wDelimiter":"\\r","wCount":""},"source":"ide","user_devices":"/PMaster/projects/x4mm/user/devices/","system_devices":"/PMaster/projects/x4mm/data//system/devices","system_drivers":"/PMaster/projects/x4mm/data/system/drivers","user_drivers":"/PMaster/projects/x4mm/user/drivers/","loggingFlags":"{\n  \"Device Connected\": 0,\n  \"Device Disonnected\": 0,\n  \"Response\": 33,\n  \"Send Command\": 0,\n  \"Device Error\": 0\n}","hash":"a1767b061a8d3e78df1467e452c8a519","userDirectory":"/PMaster/projects/x4mm/user/"},"deviceMessage":"","time":1471562106465,"type":"XBlox","level":"info","message":"Message: ","timestamp":"2016-08-18T23:15:06.468Z"}
{"device":{"host":"192.168.1.106","port":"55","protocol":"tcp","driver":"SSH/Hercules.js","driverId":"04cd493d-2788-4096-cf54-1fdc11928180","driverScope":"user_drivers","id":"4b51aec8-dea8-cc45-e0e7-05744db8b690","devicePath":"Hercules-Test/Hercules.meta.json","deviceScope":"user_devices","title":"Hercules","options":"{}","driverOptions":16,"serverSide":0,"responseSettings":{"start":false,"startString":"","cTypeByte":0,"cTypePacket":0,"cTypeDelimiter":1,"cTypeCount":0,"delimiter":"","count":"","wDelimiter":"\\r","wCount":""},"source":"ide","user_devices":"/PMaster/projects/x4mm/user/devices/","system_devices":"/PMaster/projects/x4mm/data//system/devices","system_drivers":"/PMaster/projects/x4mm/data/system/drivers","user_drivers":"/PMaster/projects/x4mm/user/drivers/","loggingFlags":"{\n  \"Device Connected\": 0,\n  \"Device Disonnected\": 0,\n  \"Response\": 33,\n  \"Send Command\": 0,\n  \"Device Error\": 0\n}","hash":"a1767b061a8d3e78df1467e452c8a519","userDirectory":"/PMaster/projects/x4mm/user/"},"deviceMessage":"","time":1471562400155,"type":"XBlox","level":"info","message":"Message: ","timestamp":"2016-08-18T23:20:00.157Z"}
{"device":{"host":"192.168.1.106","port":"55","protocol":"tcp","driver":"SSH/Hercules.js","driverId":"04cd493d-2788-4096-cf54-1fdc11928180","driverScope":"user_drivers","id":"4b51aec8-dea8-cc45-e0e7-05744db8b690","devicePath":"Hercules-Test/Hercules.meta.json","deviceScope":"user_devices","title":"Hercules","options":"{}","driverOptions":16,"serverSide":0,"responseSettings":{"start":false,"startString":"","cTypeByte":0,"cTypePacket":0,"cTypeDelimiter":1,"cTypeCount":0,"delimiter":"","count":"","wDelimiter":"\\r","wCount":""},"source":"ide","user_devices":"/PMaster/projects/x4mm/user/devices/","system_devices":"/PMaster/projects/x4mm/data//system/devices","system_drivers":"/PMaster/projects/x4mm/data/system/drivers","user_drivers":"/PMaster/projects/x4mm/user/drivers/","loggingFlags":"{\n  \"Device Connected\": 0,\n  \"Device Disonnected\": 0,\n  \"Response\": 33,\n  \"Send Command\": 0,\n  \"Device Error\": 0\n}","hash":"a1767b061a8d3e78df1467e452c8a519","userDirectory":"/PMaster/projects/x4mm/user/"},"deviceMessage":"","time":1471562411752,"type":"XBlox","level":"info","message":"Message: ","timestamp":"2016-08-18T23:20:11.754Z"}
{"device":{"host":"192.168.1.106","port":"55","protocol":"tcp","driver":"SSH/Hercules.js","driverId":"04cd493d-2788-4096-cf54-1fdc11928180","driverScope":"user_drivers","id":"4b51aec8-dea8-cc45-e0e7-05744db8b690","devicePath":"Hercules-Test/Hercules.meta.json","deviceScope":"user_devices","title":"Hercules","options":"{}","driverOptions":16,"serverSide":0,"responseSettings":{"start":false,"startString":"","cTypeByte":0,"cTypePacket":0,"cTypeDelimiter":1,"cTypeCount":0,"delimiter":"","count":"","wDelimiter":"\\r","wCount":""},"source":"ide","user_devices":"/PMaster/projects/x4mm/user/devices/","system_devices":"/PMaster/projects/x4mm/data//system/devices","system_drivers":"/PMaster/projects/x4mm/data/system/drivers","user_drivers":"/PMaster/projects/x4mm/user/drivers/","loggingFlags":"{\n  \"Device Connected\": 0,\n  \"Device Disonnected\": 0,\n  \"Response\": 33,\n  \"Send Command\": 0,\n  \"Device Error\": 0\n}","hash":"a1767b061a8d3e78df1467e452c8a519","userDirectory":"/PMaster/projects/x4mm/user/"},"deviceMessage":"","time":1471562583626,"type":"XBlox","level":"info","message":"Message: ","timestamp":"2016-08-18T23:23:03.630Z"}
{"device":{"host":"192.168.1.106","port":"55","protocol":"tcp","driver":"SSH/Hercules.js","driverId":"04cd493d-2788-4096-cf54-1fdc11928180","driverScope":"user_drivers","id":"4b51aec8-dea8-cc45-e0e7-05744db8b690","devicePath":"Hercules-Test/Hercules.meta.json","deviceScope":"user_devices","title":"Hercules","options":"{}","driverOptions":16,"serverSide":0,"responseSettings":{"start":false,"startString":"","cTypeByte":0,"cTypePacket":0,"cTypeDelimiter":1,"cTypeCount":0,"delimiter":"","count":"","wDelimiter":"\\r","wCount":""},"source":"ide","user_devices":"/PMaster/projects/x4mm/user/devices/","system_devices":"/PMaster/projects/x4mm/data//system/devices","system_drivers":"/PMaster/projects/x4mm/data/system/drivers","user_drivers":"/PMaster/projects/x4mm/user/drivers/","loggingFlags":{"Device Connected":0,"Device Disonnected":0,"Response":33,"Send Command":0,"Device Error":0},"hash":"a1767b061a8d3e78df1467e452c8a519","userDirectory":"/PMaster/projects/x4mm/user/"},"deviceMessage":"","time":1471607984433,"type":"XBlox","level":"info","message":"Message: ","timestamp":"2016-08-19T11:59:44.441Z"}
{"device":{"host":"192.168.1.106","port":"55","protocol":"tcp","driver":"SSH/Hercules.js","driverId":"04cd493d-2788-4096-cf54-1fdc11928180","driverScope":"user_drivers","id":"4b51aec8-dea8-cc45-e0e7-05744db8b690","devicePath":"Hercules-Test/Hercules.meta.json","deviceScope":"user_devices","title":"Hercules","options":"{}","driverOptions":16,"serverSide":0,"responseSettings":{"start":false,"startString":"","cTypeByte":0,"cTypePacket":0,"cTypeDelimiter":1,"cTypeCount":0,"delimiter":"","count":"","wDelimiter":"\\r","wCount":""},"source":"ide","user_devices":"/PMaster/projects/x4mm/user/devices/","system_devices":"/PMaster/projects/x4mm/data//system/devices","system_drivers":"/PMaster/projects/x4mm/data/system/drivers","user_drivers":"/PMaster/projects/x4mm/user/drivers/","loggingFlags":"{\n  \"Device Connected\": 0,\n  \"Device Disonnected\": 0,\n  \"Response\": 33,\n  \"Send Command\": 0,\n  \"Device Error\": 0\n}","hash":"a1767b061a8d3e78df1467e452c8a519","userDirectory":"/PMaster/projects/x4mm/user/"},"deviceMessage":"","time":1471608039401,"type":"XBlox","level":"info","message":"Message: ","timestamp":"2016-08-19T12:00:39.417Z"}
{"device":{"host":"192.168.1.106","port":"55","protocol":"tcp","driver":"SSH/Hercules.js","driverId":"04cd493d-2788-4096-cf54-1fdc11928180","driverScope":"user_drivers","id":"4b51aec8-dea8-cc45-e0e7-05744db8b690","devicePath":"Hercules-Test/Hercules.meta.json","deviceScope":"user_devices","title":"Hercules","options":"{}","driverOptions":16,"serverSide":0,"responseSettings":{"start":false,"startString":"","cTypeByte":0,"cTypePacket":0,"cTypeDelimiter":1,"cTypeCount":0,"delimiter":"","count":"","wDelimiter":"\\r","wCount":""},"source":"ide","user_devices":"/PMaster/projects/x4mm/user/devices/","system_devices":"/PMaster/projects/x4mm/data//system/devices","system_drivers":"/PMaster/projects/x4mm/data/system/drivers","user_drivers":"/PMaster/projects/x4mm/user/drivers/","loggingFlags":"{\n  \"Device Connected\": 0,\n  \"Device Disonnected\": 0,\n  \"Response\": 33,\n  \"Send Command\": 0,\n  \"Device Error\": 0\n}","hash":"a1767b061a8d3e78df1467e452c8a519","userDirectory":"/PMaster/projects/x4mm/user/"},"deviceMessage":"","time":1471608057242,"type":"XBlox","level":"info","message":"Message: ","timestamp":"2016-08-19T12:00:57.273Z"}
{"device":{"host":"192.168.1.106","port":"55","protocol":"tcp","driver":"SSH/Hercules.js","driverId":"04cd493d-2788-4096-cf54-1fdc11928180","driverScope":"user_drivers","id":"4b51aec8-dea8-cc45-e0e7-05744db8b690","devicePath":"Hercules-Test/Hercules.meta.json","deviceScope":"user_devices","title":"Hercules","options":"{}","driverOptions":16,"serverSide":0,"responseSettings":{"start":false,"startString":"","cTypeByte":0,"cTypePacket":0,"cTypeDelimiter":1,"cTypeCount":0,"delimiter":"","count":"","wDelimiter":"\\r","wCount":""},"source":"ide","user_devices":"/PMaster/projects/x4mm/user/devices/","system_devices":"/PMaster/projects/x4mm/data//system/devices","system_drivers":"/PMaster/projects/x4mm/data/system/drivers","user_drivers":"/PMaster/projects/x4mm/user/drivers/","loggingFlags":"{\n  \"Device Connected\": 0,\n  \"Device Disonnected\": 0,\n  \"Response\": 33,\n  \"Send Command\": 0,\n  \"Device Error\": 0\n}","hash":"a1767b061a8d3e78df1467e452c8a519","userDirectory":"/PMaster/projects/x4mm/user/"},"deviceMessage":"","time":1471608148110,"type":"XBlox","level":"info","message":"Message: ","timestamp":"2016-08-19T12:02:28.114Z"}
{"device":{"host":"192.168.1.106","port":"55","protocol":"tcp","driver":"SSH/Hercules.js","driverId":"04cd493d-2788-4096-cf54-1fdc11928180","driverScope":"user_drivers","id":"4b51aec8-dea8-cc45-e0e7-05744db8b690","devicePath":"Hercules-Test/Hercules.meta.json","deviceScope":"user_devices","title":"Hercules","options":"{}","driverOptions":16,"serverSide":0,"responseSettings":{"start":false,"startString":"","cTypeByte":0,"cTypePacket":0,"cTypeDelimiter":1,"cTypeCount":0,"delimiter":"","count":"","wDelimiter":"\\r","wCount":""},"source":"ide","user_devices":"/PMaster/projects/x4mm/user/devices/","system_devices":"/PMaster/projects/x4mm/data//system/devices","system_drivers":"/PMaster/projects/x4mm/data/system/drivers","user_drivers":"/PMaster/projects/x4mm/user/drivers/","loggingFlags":"{\n  \"Device Connected\": 0,\n  \"Device Disonnected\": 0,\n  \"Response\": 33,\n  \"Send Command\": 0,\n  \"Device Error\": 0\n}","hash":"a1767b061a8d3e78df1467e452c8a519","userDirectory":"/PMaster/projects/x4mm/user/"},"deviceMessage":"","time":1471608345133,"type":"XBlox","level":"info","message":"Message: ","timestamp":"2016-08-19T12:05:45.135Z"}
{"device":{"host":"192.168.1.106","port":"55","protocol":"tcp","driver":"SSH/Hercules.js","driverId":"04cd493d-2788-4096-cf54-1fdc11928180","driverScope":"user_drivers","id":"4b51aec8-dea8-cc45-e0e7-05744db8b690","devicePath":"Hercules-Test/Hercules.meta.json","deviceScope":"user_devices","title":"Hercules","options":"{}","driverOptions":16,"serverSide":0,"responseSettings":{"start":false,"startString":"","cTypeByte":0,"cTypePacket":0,"cTypeDelimiter":1,"cTypeCount":0,"delimiter":"","count":"","wDelimiter":"\\r","wCount":""},"source":"ide","user_devices":"/PMaster/projects/x4mm/user/devices/","system_devices":"/PMaster/projects/x4mm/data//system/devices","system_drivers":"/PMaster/projects/x4mm/data/system/drivers","user_drivers":"/PMaster/projects/x4mm/user/drivers/","loggingFlags":"{\n  \"Device Connected\": 0,\n  \"Device Disonnected\": 0,\n  \"Response\": 33,\n  \"Send Command\": 0,\n  \"Device Error\": 0\n}","hash":"a1767b061a8d3e78df1467e452c8a519","userDirectory":"/PMaster/projects/x4mm/user/"},"deviceMessage":"","time":1471608746293,"type":"XBlox","level":"info","message":"Message: ","timestamp":"2016-08-19T12:12:26.299Z"}
{"device":{"host":"192.168.1.106","port":"55","protocol":"tcp","driver":"SSH/Hercules.js","driverId":"04cd493d-2788-4096-cf54-1fdc11928180","driverScope":"user_drivers","id":"4b51aec8-dea8-cc45-e0e7-05744db8b690","devicePath":"Hercules-Test/Hercules.meta.json","deviceScope":"user_devices","title":"Hercules","options":"{}","driverOptions":16,"serverSide":0,"responseSettings":{"start":false,"startString":"","cTypeByte":0,"cTypePacket":0,"cTypeDelimiter":1,"cTypeCount":0,"delimiter":"","count":"","wDelimiter":"\\r","wCount":""},"source":"ide","user_devices":"/PMaster/projects/x4mm/user/devices/","system_devices":"/PMaster/projects/x4mm/data//system/devices","system_drivers":"/PMaster/projects/x4mm/data/system/drivers","user_drivers":"/PMaster/projects/x4mm/user/drivers/","loggingFlags":"{\n  \"Device Connected\": 0,\n  \"Device Disonnected\": 0,\n  \"Response\": 33,\n  \"Send Command\": 0,\n  \"Device Error\": 0\n}","hash":"a1767b061a8d3e78df1467e452c8a519","userDirectory":"/PMaster/projects/x4mm/user/"},"deviceMessage":"","time":1471609102989,"type":"XBlox","level":"info","message":"Message: ","timestamp":"2016-08-19T12:18:22.999Z"}
{"device":{"host":"192.168.1.106","port":"55","protocol":"tcp","driver":"SSH/Hercules.js","driverId":"04cd493d-2788-4096-cf54-1fdc11928180","driverScope":"user_drivers","id":"4b51aec8-dea8-cc45-e0e7-05744db8b690","devicePath":"Hercules-Test/Hercules.meta.json","deviceScope":"user_devices","title":"Hercules","options":"{}","driverOptions":16,"serverSide":0,"responseSettings":{"start":false,"startString":"","cTypeByte":0,"cTypePacket":0,"cTypeDelimiter":1,"cTypeCount":0,"delimiter":"","count":"","wDelimiter":"\\r","wCount":""},"source":"ide","user_devices":"/PMaster/projects/x4mm/user/devices/","system_devices":"/PMaster/projects/x4mm/data//system/devices","system_drivers":"/PMaster/projects/x4mm/data/system/drivers","user_drivers":"/PMaster/projects/x4mm/user/drivers/","loggingFlags":"{\n  \"Device Connected\": 0,\n  \"Device Disonnected\": 0,\n  \"Response\": 33,\n  \"Send Command\": 0,\n  \"Device Error\": 0\n}","hash":"a1767b061a8d3e78df1467e452c8a519","userDirectory":"/PMaster/projects/x4mm/user/"},"deviceMessage":"","time":1471609162904,"type":"XBlox","level":"info","message":"Message: ","timestamp":"2016-08-19T12:19:22.910Z"}
{"device":{"host":"192.168.1.106","port":"55","protocol":"tcp","driver":"SSH/Hercules.js","driverId":"04cd493d-2788-4096-cf54-1fdc11928180","driverScope":"user_drivers","id":"4b51aec8-dea8-cc45-e0e7-05744db8b690","devicePath":"Hercules-Test/Hercules.meta.json","deviceScope":"user_devices","title":"Hercules","options":"{}","driverOptions":16,"serverSide":0,"responseSettings":{"start":false,"startString":"","cTypeByte":0,"cTypePacket":0,"cTypeDelimiter":1,"cTypeCount":0,"delimiter":"","count":"","wDelimiter":"\\r","wCount":""},"source":"ide","user_devices":"/PMaster/projects/x4mm/user/devices/","system_devices":"/PMaster/projects/x4mm/data//system/devices","system_drivers":"/PMaster/projects/x4mm/data/system/drivers","user_drivers":"/PMaster/projects/x4mm/user/drivers/","loggingFlags":"{\n  \"Device Connected\": 0,\n  \"Device Disonnected\": 0,\n  \"Response\": 33,\n  \"Send Command\": 0,\n  \"Device Error\": 0\n}","hash":"a1767b061a8d3e78df1467e452c8a519","userDirectory":"/PMaster/projects/x4mm/user/"},"deviceMessage":"","time":1471610152456,"type":"XBlox","level":"info","message":"Message: ","timestamp":"2016-08-19T12:35:52.468Z"}
{"device":{"host":"192.168.1.106","port":"55","protocol":"tcp","driver":"SSH/Hercules.js","driverId":"04cd493d-2788-4096-cf54-1fdc11928180","driverScope":"user_drivers","id":"4b51aec8-dea8-cc45-e0e7-05744db8b690","devicePath":"Hercules-Test/Hercules.meta.json","deviceScope":"user_devices","title":"Hercules","options":"{}","driverOptions":16,"serverSide":0,"responseSettings":{"start":false,"startString":"","cTypeByte":0,"cTypePacket":0,"cTypeDelimiter":1,"cTypeCount":0,"delimiter":"","count":"","wDelimiter":"\\r","wCount":""},"source":"ide","user_devices":"/PMaster/projects/x4mm/user/devices/","system_devices":"/PMaster/projects/x4mm/data//system/devices","system_drivers":"/PMaster/projects/x4mm/data/system/drivers","user_drivers":"/PMaster/projects/x4mm/user/drivers/","loggingFlags":"{\n  \"Device Connected\": 0,\n  \"Device Disonnected\": 0,\n  \"Response\": 33,\n  \"Send Command\": 0,\n  \"Device Error\": 0\n}","hash":"a1767b061a8d3e78df1467e452c8a519","userDirectory":"/PMaster/projects/x4mm/user/"},"deviceMessage":"","time":1471610264758,"type":"XBlox","level":"info","message":"Message: ","timestamp":"2016-08-19T12:37:44.763Z"}
{"device":{"host":"192.168.1.106","port":"55","protocol":"tcp","driver":"SSH/Hercules.js","driverId":"04cd493d-2788-4096-cf54-1fdc11928180","driverScope":"user_drivers","id":"4b51aec8-dea8-cc45-e0e7-05744db8b690","devicePath":"Hercules-Test/Hercules.meta.json","deviceScope":"user_devices","title":"Hercules","options":"{}","driverOptions":16,"serverSide":0,"responseSettings":{"start":false,"startString":"","cTypeByte":0,"cTypePacket":0,"cTypeDelimiter":1,"cTypeCount":0,"delimiter":"","count":"","wDelimiter":"\\r","wCount":""},"source":"ide","user_devices":"/PMaster/projects/x4mm/user/devices/","system_devices":"/PMaster/projects/x4mm/data//system/devices","system_drivers":"/PMaster/projects/x4mm/data/system/drivers","user_drivers":"/PMaster/projects/x4mm/user/drivers/","loggingFlags":"{\n  \"Device Connected\": 0,\n  \"Device Disonnected\": 0,\n  \"Response\": 33,\n  \"Send Command\": 0,\n  \"Device Error\": 0\n}","hash":"a1767b061a8d3e78df1467e452c8a519","userDirectory":"/PMaster/projects/x4mm/user/"},"deviceMessage":"","time":1471610384585,"type":"XBlox","level":"info","message":"Message: ","timestamp":"2016-08-19T12:39:44.590Z"}
{"device":{"host":"192.168.1.106","port":"55","protocol":"tcp","driver":"SSH/Hercules.js","driverId":"04cd493d-2788-4096-cf54-1fdc11928180","driverScope":"user_drivers","id":"4b51aec8-dea8-cc45-e0e7-05744db8b690","devicePath":"Hercules-Test/Hercules.meta.json","deviceScope":"user_devices","title":"Hercules","options":"{}","driverOptions":16,"serverSide":0,"responseSettings":{"start":false,"startString":"","cTypeByte":0,"cTypePacket":0,"cTypeDelimiter":1,"cTypeCount":0,"delimiter":"","count":"","wDelimiter":"\\r","wCount":""},"source":"ide","user_devices":"/PMaster/projects/x4mm/user/devices/","system_devices":"/PMaster/projects/x4mm/data//system/devices","system_drivers":"/PMaster/projects/x4mm/data/system/drivers","user_drivers":"/PMaster/projects/x4mm/user/drivers/","loggingFlags":"{\n  \"Device Connected\": 0,\n  \"Device Disonnected\": 0,\n  \"Response\": 33,\n  \"Send Command\": 0,\n  \"Device Error\": 0\n}","hash":"a1767b061a8d3e78df1467e452c8a519","userDirectory":"/PMaster/projects/x4mm/user/"},"deviceMessage":"","time":1471610580053,"type":"XBlox","level":"info","message":"Message: ","timestamp":"2016-08-19T12:43:00.063Z"}
{"device":{"host":"192.168.1.106","port":"55","protocol":"tcp","driver":"SSH/Hercules.js","driverId":"04cd493d-2788-4096-cf54-1fdc11928180","driverScope":"user_drivers","id":"4b51aec8-dea8-cc45-e0e7-05744db8b690","devicePath":"Hercules-Test/Hercules.meta.json","deviceScope":"user_devices","title":"Hercules","options":"{}","driverOptions":16,"serverSide":0,"responseSettings":{"start":false,"startString":"","cTypeByte":0,"cTypePacket":0,"cTypeDelimiter":1,"cTypeCount":0,"delimiter":"","count":"","wDelimiter":"\\r","wCount":""},"source":"ide","user_devices":"/PMaster/projects/x4mm/user/devices/","system_devices":"/PMaster/projects/x4mm/data//system/devices","system_drivers":"/PMaster/projects/x4mm/data/system/drivers","user_drivers":"/PMaster/projects/x4mm/user/drivers/","loggingFlags":"{\n  \"Device Connected\": 0,\n  \"Device Disonnected\": 0,\n  \"Response\": 33,\n  \"Send Command\": 0,\n  \"Device Error\": 0\n}","hash":"a1767b061a8d3e78df1467e452c8a519","userDirectory":"/PMaster/projects/x4mm/user/"},"deviceMessage":"","time":1471610672341,"type":"XBlox","level":"info","message":"Message: ","timestamp":"2016-08-19T12:44:32.351Z"}
{"device":{"host":"192.168.1.106","port":"55","protocol":"tcp","driver":"SSH/Hercules.js","driverId":"04cd493d-2788-4096-cf54-1fdc11928180","driverScope":"user_drivers","id":"4b51aec8-dea8-cc45-e0e7-05744db8b690","devicePath":"Hercules-Test/Hercules.meta.json","deviceScope":"user_devices","title":"Hercules","options":"{}","driverOptions":16,"serverSide":0,"responseSettings":{"start":false,"startString":"","cTypeByte":0,"cTypePacket":0,"cTypeDelimiter":1,"cTypeCount":0,"delimiter":"","count":"","wDelimiter":"\\r","wCount":""},"source":"ide","user_devices":"/PMaster/projects/x4mm/user/devices/","system_devices":"/PMaster/projects/x4mm/data//system/devices","system_drivers":"/PMaster/projects/x4mm/data/system/drivers","user_drivers":"/PMaster/projects/x4mm/user/drivers/","loggingFlags":"{\n  \"Device Connected\": 0,\n  \"Device Disonnected\": 0,\n  \"Response\": 33,\n  \"Send Command\": 0,\n  \"Device Error\": 0\n}","hash":"a1767b061a8d3e78df1467e452c8a519","userDirectory":"/PMaster/projects/x4mm/user/"},"deviceMessage":"","time":1471610755663,"type":"XBlox","level":"info","message":"Message: ","timestamp":"2016-08-19T12:45:55.668Z"}
{"device":{"host":"192.168.1.106","port":"55","protocol":"tcp","driver":"SSH/Hercules.js","driverId":"04cd493d-2788-4096-cf54-1fdc11928180","driverScope":"user_drivers","id":"4b51aec8-dea8-cc45-e0e7-05744db8b690","devicePath":"Hercules-Test/Hercules.meta.json","deviceScope":"user_devices","title":"Hercules","options":"{}","driverOptions":16,"serverSide":0,"responseSettings":{"start":false,"startString":"","cTypeByte":0,"cTypePacket":0,"cTypeDelimiter":1,"cTypeCount":0,"delimiter":"","count":"","wDelimiter":"\\r","wCount":""},"source":"ide","user_devices":"/PMaster/projects/x4mm/user/devices/","system_devices":"/PMaster/projects/x4mm/data//system/devices","system_drivers":"/PMaster/projects/x4mm/data/system/drivers","user_drivers":"/PMaster/projects/x4mm/user/drivers/","loggingFlags":"{\n  \"Device Connected\": 0,\n  \"Device Disonnected\": 0,\n  \"Response\": 33,\n  \"Send Command\": 0,\n  \"Device Error\": 0\n}","hash":"a1767b061a8d3e78df1467e452c8a519","userDirectory":"/PMaster/projects/x4mm/user/"},"deviceMessage":"","time":1471613238775,"type":"XBlox","level":"info","message":"Message: ","timestamp":"2016-08-19T13:27:18.786Z"}
{"device":{"host":"192.168.1.106","port":"55","protocol":"tcp","driver":"SSH/Hercules.js","driverId":"04cd493d-2788-4096-cf54-1fdc11928180","driverScope":"user_drivers","id":"4b51aec8-dea8-cc45-e0e7-05744db8b690","devicePath":"Hercules-Test/Hercules.meta.json","deviceScope":"user_devices","title":"Hercules","options":"{}","driverOptions":16,"serverSide":0,"responseSettings":{"start":false,"startString":"","cTypeByte":0,"cTypePacket":0,"cTypeDelimiter":1,"cTypeCount":0,"delimiter":"","count":"","wDelimiter":"\\r","wCount":""},"source":"ide","user_devices":"/PMaster/projects/x4mm/user/devices/","system_devices":"/PMaster/projects/x4mm/data//system/devices","system_drivers":"/PMaster/projects/x4mm/data/system/drivers","user_drivers":"/PMaster/projects/x4mm/user/drivers/","loggingFlags":"{\n  \"Device Connected\": 0,\n  \"Device Disonnected\": 0,\n  \"Response\": 33,\n  \"Send Command\": 0,\n  \"Device Error\": 0\n}","hash":"a1767b061a8d3e78df1467e452c8a519","userDirectory":"/PMaster/projects/x4mm/user/"},"deviceMessage":"","time":1471709588058,"type":"XBlox","level":"info","message":"Message: ","timestamp":"2016-08-20T16:13:08.068Z"}
