{"device":{"host":"192.168.1.101","port":"55","protocol":"tcp","driver":"SSH/Hercules.js","driverId":"04cd493d-2788-4096-cf54-1fdc11928180","driverScope":"user_drivers","id":"4b51aec8-dea8-cc45-e0e7-05744db8b690","devicePath":"Hercules-Test/Hercules.meta.json","deviceScope":"user_devices","title":"Hercules","options":"{}","driverOptions":0,"serverSide":0,"responseSettings":{"start":false,"startString":"","cTypeByte":0,"cTypePacket":0,"cTypeDelimiter":1,"cTypeCount":0,"delimiter":"","count":"","wDelimiter":"\\r","wCount":""},"source":"ide","user_devices":"/PMaster/projects/x4mm/user/devices/","system_devices":"/PMaster/projects/x4mm/data//system/devices","system_drivers":"/PMaster/projects/x4mm/data/system/drivers","user_drivers":"/PMaster/projects/x4mm/user/drivers/","loggingFlags":"{\n  \"Device Connected\": 0,\n  \"Device Disonnected\": 0,\n  \"Response\": 33,\n  \"Send Command\": 0,\n  \"Device Error\": 0\n}","hash":"2c2881c8f43177fb3896283c2feb326e","userDirectory":"/PMaster/projects/x4mm/user/"},"deviceMessage":"","time":1470057323774,"type":"XBlox","level":"info","message":"Message: ","timestamp":"2016-08-01T13:15:23.783Z"}
{"device":{"host":"192.168.1.101","port":"55","protocol":"tcp","driver":"SSH/Hercules.js","driverId":"04cd493d-2788-4096-cf54-1fdc11928180","driverScope":"user_drivers","id":"4b51aec8-dea8-cc45-e0e7-05744db8b690","devicePath":"Hercules-Test/Hercules.meta.json","deviceScope":"user_devices","title":"Hercules","options":"{}","driverOptions":0,"serverSide":0,"responseSettings":{"start":false,"startString":"","cTypeByte":0,"cTypePacket":0,"cTypeDelimiter":1,"cTypeCount":0,"delimiter":"","count":"","wDelimiter":"\\r","wCount":""},"source":"ide","user_devices":"/PMaster/projects/x4mm/user/devices/","system_devices":"/PMaster/projects/x4mm/data//system/devices","system_drivers":"/PMaster/projects/x4mm/data/system/drivers","user_drivers":"/PMaster/projects/x4mm/user/drivers/","loggingFlags":"{\n  \"Device Connected\": 0,\n  \"Device Disonnected\": 0,\n  \"Response\": 33,\n  \"Send Command\": 0,\n  \"Device Error\": 0\n}","hash":"2c2881c8f43177fb3896283c2feb326e","userDirectory":"/PMaster/projects/x4mm/user/"},"deviceMessage":"","time":1470057360037,"type":"XBlox","level":"info","message":"Message: ","timestamp":"2016-08-01T13:16:00.048Z"}
{"device":{"host":"192.168.1.101","port":"55","protocol":"tcp","driver":"SSH/Hercules.js","driverId":"04cd493d-2788-4096-cf54-1fdc11928180","driverScope":"user_drivers","id":"4b51aec8-dea8-cc45-e0e7-05744db8b690","devicePath":"Hercules-Test/Hercules.meta.json","deviceScope":"user_devices","title":"Hercules","options":"{}","driverOptions":0,"serverSide":0,"responseSettings":{"start":false,"startString":"","cTypeByte":0,"cTypePacket":0,"cTypeDelimiter":1,"cTypeCount":0,"delimiter":"","count":"","wDelimiter":"\\r","wCount":""},"source":"ide","user_devices":"/PMaster/projects/x4mm/user/devices/","system_devices":"/PMaster/projects/x4mm/data//system/devices","system_drivers":"/PMaster/projects/x4mm/data/system/drivers","user_drivers":"/PMaster/projects/x4mm/user/drivers/","loggingFlags":"{\n  \"Device Connected\": 0,\n  \"Device Disonnected\": 0,\n  \"Response\": 33,\n  \"Send Command\": 0,\n  \"Device Error\": 0\n}","hash":"2c2881c8f43177fb3896283c2feb326e","userDirectory":"/PMaster/projects/x4mm/user/"},"deviceMessage":"","time":1470057488218,"type":"XBlox","level":"info","message":"Message: ","timestamp":"2016-08-01T13:18:08.228Z"}
{"device":{"host":"192.168.1.101","port":"55","protocol":"tcp","driver":"SSH/Hercules.js","driverId":"04cd493d-2788-4096-cf54-1fdc11928180","driverScope":"user_drivers","id":"4b51aec8-dea8-cc45-e0e7-05744db8b690","devicePath":"Hercules-Test/Hercules.meta.json","deviceScope":"user_devices","title":"Hercules","options":"{}","driverOptions":0,"serverSide":0,"responseSettings":{"start":false,"startString":"","cTypeByte":0,"cTypePacket":0,"cTypeDelimiter":1,"cTypeCount":0,"delimiter":"","count":"","wDelimiter":"\\r","wCount":""},"source":"ide","user_devices":"/PMaster/projects/x4mm/user/devices/","system_devices":"/PMaster/projects/x4mm/data//system/devices","system_drivers":"/PMaster/projects/x4mm/data/system/drivers","user_drivers":"/PMaster/projects/x4mm/user/drivers/","loggingFlags":"{\n  \"Device Connected\": 0,\n  \"Device Disonnected\": 0,\n  \"Response\": 33,\n  \"Send Command\": 0,\n  \"Device Error\": 0\n}","hash":"2c2881c8f43177fb3896283c2feb326e","userDirectory":"/PMaster/projects/x4mm/user/"},"deviceMessage":"","time":1470057546732,"type":"XBlox","level":"info","message":"Message: ","timestamp":"2016-08-01T13:19:06.743Z"}
{"device":{"host":"192.168.1.101","port":"55","protocol":"tcp","driver":"SSH/Hercules.js","driverId":"04cd493d-2788-4096-cf54-1fdc11928180","driverScope":"user_drivers","id":"4b51aec8-dea8-cc45-e0e7-05744db8b690","devicePath":"Hercules-Test/Hercules.meta.json","deviceScope":"user_devices","title":"Hercules","options":"{}","driverOptions":16,"serverSide":0,"responseSettings":{"start":false,"startString":"","cTypeByte":0,"cTypePacket":0,"cTypeDelimiter":1,"cTypeCount":0,"delimiter":"","count":"","wDelimiter":"\\r","wCount":""},"source":"ide","user_devices":"/PMaster/projects/x4mm/user/devices/","system_devices":"/PMaster/projects/x4mm/data//system/devices","system_drivers":"/PMaster/projects/x4mm/data/system/drivers","user_drivers":"/PMaster/projects/x4mm/user/drivers/","loggingFlags":"{\n  \"Device Connected\": 0,\n  \"Device Disonnected\": 0,\n  \"Response\": 33,\n  \"Send Command\": 0,\n  \"Device Error\": 0\n}","hash":"2c2881c8f43177fb3896283c2feb326e","userDirectory":"/PMaster/projects/x4mm/user/"},"deviceMessage":"","time":1470059457900,"type":"XBlox","level":"info","message":"Message: ","timestamp":"2016-08-01T13:50:57.906Z"}
{"device":{"host":"192.168.1.101","port":"55","protocol":"tcp","driver":"SSH/Hercules.js","driverId":"04cd493d-2788-4096-cf54-1fdc11928180","driverScope":"user_drivers","id":"4b51aec8-dea8-cc45-e0e7-05744db8b690","devicePath":"Hercules-Test/Hercules.meta.json","deviceScope":"user_devices","title":"Hercules","options":"{}","driverOptions":16,"serverSide":0,"responseSettings":{"start":false,"startString":"","cTypeByte":0,"cTypePacket":0,"cTypeDelimiter":1,"cTypeCount":0,"delimiter":"","count":"","wDelimiter":"\\r","wCount":""},"source":"ide","user_devices":"/PMaster/projects/x4mm/user/devices/","system_devices":"/PMaster/projects/x4mm/data//system/devices","system_drivers":"/PMaster/projects/x4mm/data/system/drivers","user_drivers":"/PMaster/projects/x4mm/user/drivers/","loggingFlags":"{\n  \"Device Connected\": 0,\n  \"Device Disonnected\": 0,\n  \"Response\": 33,\n  \"Send Command\": 0,\n  \"Device Error\": 0\n}","hash":"2c2881c8f43177fb3896283c2feb326e","userDirectory":"/PMaster/projects/x4mm/user/"},"deviceMessage":"","time":1470059474390,"type":"XBlox","level":"info","message":"Message: ","timestamp":"2016-08-01T13:51:14.395Z"}
