{"device":{"host":"192.168.1.37","port":"1883","protocol":"mqtt","driver":"Motion-Eye/Motion-Eye-MQTT.js","driverId":"69e4469f-f2a8-3c22-e973-49380c22f600","driverScope":"user_drivers","id":"5ce3da17-ae01-70be-b443-9ca2dc58b6c6","devicePath":"Motion-Eye/Motion-Eye-MQTT.meta.json","deviceScope":"user_devices","title":"Motion-Eye-MQTT","options":"{}","enabled":true,"driverOptions":16,"serverSide":false,"isServer":false,"responseSettings":{"start":false,"startString":"","cTypeByte":false,"cTypePacket":false,"cTypeDelimiter":true,"cTypeCount":false,"delimiter":"\\r","count":"","wDelimiter":"\\r","wCount":""},"source":"ide","user_devices":"/PMaster/projects/x4mm/user//devices/","system_devices":"/PMaster/projects/x4mm/data//system/devices","system_drivers":"/PMaster/projects/x4mm/data/system/drivers","user_drivers":"/PMaster/projects/x4mm/user//drivers/","loggingFlags":"{}","hash":"bcd25542439bfb533f5d667684e49fa8","userDirectory":"/PMaster/projects/x4mm/user//"},"deviceMessage":"","time":1483271109805,"type":"XBlox","level":"info","message":"Motion Detected: [object Object]","timestamp":"2017-01-01T11:45:09.819Z"}
{"device":{"host":"192.168.1.37","port":"1883","protocol":"mqtt","driver":"Motion-Eye/Motion-Eye-MQTT.js","driverId":"69e4469f-f2a8-3c22-e973-49380c22f600","driverScope":"user_drivers","id":"5ce3da17-ae01-70be-b443-9ca2dc58b6c6","devicePath":"Motion-Eye/Motion-Eye-MQTT.meta.json","deviceScope":"user_devices","title":"Motion-Eye-MQTT","options":"{}","enabled":true,"driverOptions":16,"serverSide":false,"isServer":false,"responseSettings":{"start":false,"startString":"","cTypeByte":false,"cTypePacket":false,"cTypeDelimiter":true,"cTypeCount":false,"delimiter":"\\r","count":"","wDelimiter":"\\r","wCount":""},"source":"ide","user_devices":"/PMaster/projects/x4mm/user//devices/","system_devices":"/PMaster/projects/x4mm/data//system/devices","system_drivers":"/PMaster/projects/x4mm/data/system/drivers","user_drivers":"/PMaster/projects/x4mm/user//drivers/","loggingFlags":"{}","hash":"bcd25542439bfb533f5d667684e49fa8","userDirectory":"/PMaster/projects/x4mm/user//"},"deviceMessage":"","time":1483271433778,"type":"XBlox","level":"info","message":"Motion Detected: [object Object]","timestamp":"2017-01-01T11:50:33.781Z"}
{"device":{"host":"192.168.1.37","port":"1883","protocol":"mqtt","driver":"Motion-Eye/Motion-Eye-MQTT.js","driverId":"69e4469f-f2a8-3c22-e973-49380c22f600","driverScope":"user_drivers","id":"5ce3da17-ae01-70be-b443-9ca2dc58b6c6","devicePath":"Motion-Eye/Motion-Eye-MQTT.meta.json","deviceScope":"user_devices","title":"Motion-Eye-MQTT","options":"{}","enabled":true,"driverOptions":16,"serverSide":false,"isServer":false,"responseSettings":{"start":false,"startString":"","cTypeByte":false,"cTypePacket":false,"cTypeDelimiter":true,"cTypeCount":false,"delimiter":"\\r","count":"","wDelimiter":"\\r","wCount":""},"source":"ide","user_devices":"/PMaster/projects/x4mm/user//devices/","system_devices":"/PMaster/projects/x4mm/data//system/devices","system_drivers":"/PMaster/projects/x4mm/data/system/drivers","user_drivers":"/PMaster/projects/x4mm/user//drivers/","loggingFlags":"{}","hash":"bcd25542439bfb533f5d667684e49fa8","userDirectory":"/PMaster/projects/x4mm/user//"},"deviceMessage":"","time":1483272386361,"type":"XBlox","level":"info","message":"Motion Detected: [object Object]","timestamp":"2017-01-01T12:06:26.362Z"}
{"device":{"host":"192.168.1.37","port":"1883","protocol":"mqtt","driver":"Motion-Eye/Motion-Eye-MQTT.js","driverId":"69e4469f-f2a8-3c22-e973-49380c22f600","driverScope":"user_drivers","id":"5ce3da17-ae01-70be-b443-9ca2dc58b6c6","devicePath":"Motion-Eye/Motion-Eye-MQTT.meta.json","deviceScope":"user_devices","title":"Motion-Eye-MQTT","options":"{}","enabled":true,"driverOptions":16,"serverSide":false,"isServer":false,"responseSettings":{"start":false,"startString":"","cTypeByte":false,"cTypePacket":false,"cTypeDelimiter":true,"cTypeCount":false,"delimiter":"\\r","count":"","wDelimiter":"\\r","wCount":""},"source":"ide","user_devices":"/PMaster/projects/x4mm/user//devices/","system_devices":"/PMaster/projects/x4mm/data//system/devices","system_drivers":"/PMaster/projects/x4mm/data/system/drivers","user_drivers":"/PMaster/projects/x4mm/user//drivers/","loggingFlags":"{}","hash":"bcd25542439bfb533f5d667684e49fa8","userDirectory":"/PMaster/projects/x4mm/user//"},"deviceMessage":"","time":1483272477372,"type":"XBlox","level":"info","message":"Motion Detected: [object Object]","timestamp":"2017-01-01T12:07:57.375Z"}
{"device":{"host":"192.168.1.37","port":"1883","protocol":"mqtt","driver":"Motion-Eye/Motion-Eye-MQTT.js","driverId":"69e4469f-f2a8-3c22-e973-49380c22f600","driverScope":"user_drivers","id":"5ce3da17-ae01-70be-b443-9ca2dc58b6c6","devicePath":"Motion-Eye/Motion-Eye-MQTT.meta.json","deviceScope":"user_devices","title":"Motion-Eye-MQTT","options":"{}","enabled":true,"driverOptions":16,"serverSide":false,"isServer":false,"responseSettings":{"start":false,"startString":"","cTypeByte":false,"cTypePacket":false,"cTypeDelimiter":true,"cTypeCount":false,"delimiter":"\\r","count":"","wDelimiter":"\\r","wCount":""},"source":"ide","user_devices":"/PMaster/projects/x4mm/user//devices/","system_devices":"/PMaster/projects/x4mm/data//system/devices","system_drivers":"/PMaster/projects/x4mm/data/system/drivers","user_drivers":"/PMaster/projects/x4mm/user//drivers/","loggingFlags":"{}","hash":"bcd25542439bfb533f5d667684e49fa8","userDirectory":"/PMaster/projects/x4mm/user//"},"deviceMessage":"","time":1483272602882,"type":"XBlox","level":"info","message":"Motion Detected: [object Object]","timestamp":"2017-01-01T12:10:02.884Z"}
{"device":{"host":"192.168.1.37","port":"1883","protocol":"mqtt","driver":"Motion-Eye/Motion-Eye-MQTT.js","driverId":"69e4469f-f2a8-3c22-e973-49380c22f600","driverScope":"user_drivers","id":"5ce3da17-ae01-70be-b443-9ca2dc58b6c6","devicePath":"Motion-Eye/Motion-Eye-MQTT.meta.json","deviceScope":"user_devices","title":"Motion-Eye-MQTT","options":"{}","enabled":true,"driverOptions":16,"serverSide":false,"isServer":false,"responseSettings":{"start":false,"startString":"","cTypeByte":false,"cTypePacket":false,"cTypeDelimiter":true,"cTypeCount":false,"delimiter":"\\r","count":"","wDelimiter":"\\r","wCount":""},"source":"ide","user_devices":"/PMaster/projects/x4mm/user//devices/","system_devices":"/PMaster/projects/x4mm/data//system/devices","system_drivers":"/PMaster/projects/x4mm/data/system/drivers","user_drivers":"/PMaster/projects/x4mm/user//drivers/","loggingFlags":"{}","hash":"bcd25542439bfb533f5d667684e49fa8","userDirectory":"/PMaster/projects/x4mm/user//"},"deviceMessage":"","time":1483272628297,"type":"XBlox","level":"info","message":"Motion Detected: [object Object]","timestamp":"2017-01-01T12:10:28.299Z"}
{"device":{"host":"192.168.1.37","port":"1883","protocol":"mqtt","driver":"Motion-Eye/Motion-Eye-MQTT.js","driverId":"69e4469f-f2a8-3c22-e973-49380c22f600","driverScope":"user_drivers","id":"5ce3da17-ae01-70be-b443-9ca2dc58b6c6","devicePath":"Motion-Eye/Motion-Eye-MQTT.meta.json","deviceScope":"user_devices","title":"Motion-Eye-MQTT","options":"{}","enabled":true,"driverOptions":16,"serverSide":false,"isServer":false,"responseSettings":{"start":false,"startString":"","cTypeByte":false,"cTypePacket":false,"cTypeDelimiter":true,"cTypeCount":false,"delimiter":"\\r","count":"","wDelimiter":"\\r","wCount":""},"source":"ide","user_devices":"/PMaster/projects/x4mm/user//devices/","system_devices":"/PMaster/projects/x4mm/data//system/devices","system_drivers":"/PMaster/projects/x4mm/data/system/drivers","user_drivers":"/PMaster/projects/x4mm/user//drivers/","loggingFlags":"{}","hash":"bcd25542439bfb533f5d667684e49fa8","userDirectory":"/PMaster/projects/x4mm/user//"},"deviceMessage":"","time":1483272768777,"type":"XBlox","level":"info","message":"Motion Detected: [object Object]","timestamp":"2017-01-01T12:12:48.783Z"}
{"device":{"host":"192.168.1.37","port":"1883","protocol":"mqtt","driver":"Motion-Eye/Motion-Eye-MQTT.js","driverId":"69e4469f-f2a8-3c22-e973-49380c22f600","driverScope":"user_drivers","id":"5ce3da17-ae01-70be-b443-9ca2dc58b6c6","devicePath":"Motion-Eye/Motion-Eye-MQTT.meta.json","deviceScope":"user_devices","title":"Motion-Eye-MQTT","options":"{}","enabled":true,"driverOptions":16,"serverSide":false,"isServer":false,"responseSettings":{"start":false,"startString":"","cTypeByte":false,"cTypePacket":false,"cTypeDelimiter":true,"cTypeCount":false,"delimiter":"\\r","count":"","wDelimiter":"\\r","wCount":""},"source":"ide","user_devices":"/PMaster/projects/x4mm/user//devices/","system_devices":"/PMaster/projects/x4mm/data//system/devices","system_drivers":"/PMaster/projects/x4mm/data/system/drivers","user_drivers":"/PMaster/projects/x4mm/user//drivers/","loggingFlags":"{}","hash":"bcd25542439bfb533f5d667684e49fa8","userDirectory":"/PMaster/projects/x4mm/user//"},"deviceMessage":"","time":1483273562227,"type":"XBlox","level":"info","message":"Motion Detected: [object Object]","timestamp":"2017-01-01T12:26:02.231Z"}
{"device":{"host":"192.168.1.37","port":"1883","protocol":"mqtt","driver":"Motion-Eye/Motion-Eye-MQTT.js","driverId":"69e4469f-f2a8-3c22-e973-49380c22f600","driverScope":"user_drivers","id":"5ce3da17-ae01-70be-b443-9ca2dc58b6c6","devicePath":"Motion-Eye/Motion-Eye-MQTT.meta.json","deviceScope":"user_devices","title":"Motion-Eye-MQTT","options":"{}","enabled":true,"driverOptions":16,"serverSide":false,"isServer":false,"responseSettings":{"start":false,"startString":"","cTypeByte":false,"cTypePacket":false,"cTypeDelimiter":true,"cTypeCount":false,"delimiter":"\\r","count":"","wDelimiter":"\\r","wCount":""},"source":"ide","user_devices":"/PMaster/projects/x4mm/user//devices/","system_devices":"/PMaster/projects/x4mm/data//system/devices","system_drivers":"/PMaster/projects/x4mm/data/system/drivers","user_drivers":"/PMaster/projects/x4mm/user//drivers/","loggingFlags":"{}","hash":"bcd25542439bfb533f5d667684e49fa8","userDirectory":"/PMaster/projects/x4mm/user//"},"deviceMessage":"","time":1483273681314,"type":"XBlox","level":"info","message":"Motion Detected: [object Object]","timestamp":"2017-01-01T12:28:01.317Z"}
{"device":{"host":"192.168.1.37","port":"1883","protocol":"mqtt","driver":"Motion-Eye/Motion-Eye-MQTT.js","driverId":"69e4469f-f2a8-3c22-e973-49380c22f600","driverScope":"user_drivers","id":"5ce3da17-ae01-70be-b443-9ca2dc58b6c6","devicePath":"Motion-Eye/Motion-Eye-MQTT.meta.json","deviceScope":"user_devices","title":"Motion-Eye-MQTT","options":"{}","enabled":true,"driverOptions":16,"serverSide":false,"isServer":false,"responseSettings":{"start":false,"startString":"","cTypeByte":false,"cTypePacket":false,"cTypeDelimiter":true,"cTypeCount":false,"delimiter":"\\r","count":"","wDelimiter":"\\r","wCount":""},"source":"ide","user_devices":"/PMaster/projects/x4mm/user//devices/","system_devices":"/PMaster/projects/x4mm/data//system/devices","system_drivers":"/PMaster/projects/x4mm/data/system/drivers","user_drivers":"/PMaster/projects/x4mm/user//drivers/","loggingFlags":"{}","hash":"bcd25542439bfb533f5d667684e49fa8","userDirectory":"/PMaster/projects/x4mm/user//"},"deviceMessage":"","time":1483273740385,"type":"XBlox","level":"info","message":"Motion Detected: [object Object]","timestamp":"2017-01-01T12:29:00.387Z"}
{"device":{"host":"192.168.1.37","port":"1883","protocol":"mqtt","driver":"Motion-Eye/Motion-Eye-MQTT.js","driverId":"69e4469f-f2a8-3c22-e973-49380c22f600","driverScope":"user_drivers","id":"5ce3da17-ae01-70be-b443-9ca2dc58b6c6","devicePath":"Motion-Eye/Motion-Eye-MQTT.meta.json","deviceScope":"user_devices","title":"Motion-Eye-MQTT","options":"{}","enabled":true,"driverOptions":16,"serverSide":false,"isServer":false,"responseSettings":{"start":false,"startString":"","cTypeByte":false,"cTypePacket":false,"cTypeDelimiter":true,"cTypeCount":false,"delimiter":"\\r","count":"","wDelimiter":"\\r","wCount":""},"source":"ide","user_devices":"/PMaster/projects/x4mm/user//devices/","system_devices":"/PMaster/projects/x4mm/data//system/devices","system_drivers":"/PMaster/projects/x4mm/data/system/drivers","user_drivers":"/PMaster/projects/x4mm/user//drivers/","loggingFlags":"{}","hash":"bcd25542439bfb533f5d667684e49fa8","userDirectory":"/PMaster/projects/x4mm/user//"},"deviceMessage":"","time":1483273931704,"type":"XBlox","level":"info","message":"Motion Detected: [object Object]","timestamp":"2017-01-01T12:32:11.705Z"}
{"device":{"host":"192.168.1.37","port":"1883","protocol":"mqtt","driver":"Motion-Eye/Motion-Eye-MQTT.js","driverId":"69e4469f-f2a8-3c22-e973-49380c22f600","driverScope":"user_drivers","id":"5ce3da17-ae01-70be-b443-9ca2dc58b6c6","devicePath":"Motion-Eye/Motion-Eye-MQTT.meta.json","deviceScope":"user_devices","title":"Motion-Eye-MQTT","options":"{}","enabled":true,"driverOptions":16,"serverSide":false,"isServer":false,"responseSettings":{"start":false,"startString":"","cTypeByte":false,"cTypePacket":false,"cTypeDelimiter":true,"cTypeCount":false,"delimiter":"\\r","count":"","wDelimiter":"\\r","wCount":""},"source":"ide","user_devices":"/PMaster/projects/x4mm/user//devices/","system_devices":"/PMaster/projects/x4mm/data//system/devices","system_drivers":"/PMaster/projects/x4mm/data/system/drivers","user_drivers":"/PMaster/projects/x4mm/user//drivers/","loggingFlags":"{}","hash":"bcd25542439bfb533f5d667684e49fa8","userDirectory":"/PMaster/projects/x4mm/user//"},"deviceMessage":"","time":1483273958783,"type":"XBlox","level":"info","message":"Motion Detected: [object Object]","timestamp":"2017-01-01T12:32:38.785Z"}
{"device":{"host":"192.168.1.37","port":"1883","protocol":"mqtt","driver":"Motion-Eye/Motion-Eye-MQTT.js","driverId":"69e4469f-f2a8-3c22-e973-49380c22f600","driverScope":"user_drivers","id":"5ce3da17-ae01-70be-b443-9ca2dc58b6c6","devicePath":"Motion-Eye/Motion-Eye-MQTT.meta.json","deviceScope":"user_devices","title":"Motion-Eye-MQTT","options":"{}","enabled":true,"driverOptions":16,"serverSide":false,"isServer":false,"responseSettings":{"start":false,"startString":"","cTypeByte":false,"cTypePacket":false,"cTypeDelimiter":true,"cTypeCount":false,"delimiter":"\\r","count":"","wDelimiter":"\\r","wCount":""},"source":"ide","user_devices":"/PMaster/projects/x4mm/user//devices/","system_devices":"/PMaster/projects/x4mm/data//system/devices","system_drivers":"/PMaster/projects/x4mm/data/system/drivers","user_drivers":"/PMaster/projects/x4mm/user//drivers/","loggingFlags":"{}","hash":"bcd25542439bfb533f5d667684e49fa8","userDirectory":"/PMaster/projects/x4mm/user//"},"deviceMessage":"","time":1483273993932,"type":"XBlox","level":"info","message":"Motion Detected: [object Object]","timestamp":"2017-01-01T12:33:13.933Z"}
{"device":{"host":"192.168.1.37","port":"1883","protocol":"mqtt","driver":"Motion-Eye/Motion-Eye-MQTT.js","driverId":"69e4469f-f2a8-3c22-e973-49380c22f600","driverScope":"user_drivers","id":"5ce3da17-ae01-70be-b443-9ca2dc58b6c6","devicePath":"Motion-Eye/Motion-Eye-MQTT.meta.json","deviceScope":"user_devices","title":"Motion-Eye-MQTT","options":"{}","enabled":true,"driverOptions":16,"serverSide":false,"isServer":false,"responseSettings":{"start":false,"startString":"","cTypeByte":false,"cTypePacket":false,"cTypeDelimiter":true,"cTypeCount":false,"delimiter":"\\r","count":"","wDelimiter":"\\r","wCount":""},"source":"ide","user_devices":"/PMaster/projects/x4mm/user//devices/","system_devices":"/PMaster/projects/x4mm/data//system/devices","system_drivers":"/PMaster/projects/x4mm/data/system/drivers","user_drivers":"/PMaster/projects/x4mm/user//drivers/","loggingFlags":"{}","hash":"bcd25542439bfb533f5d667684e49fa8","userDirectory":"/PMaster/projects/x4mm/user//"},"deviceMessage":"","time":1483274389179,"type":"XBlox","level":"info","message":"Motion Detected: [object Object]","timestamp":"2017-01-01T12:39:49.183Z"}
{"device":{"host":"192.168.1.37","port":"1883","protocol":"mqtt","driver":"Motion-Eye/Motion-Eye-MQTT.js","driverId":"69e4469f-f2a8-3c22-e973-49380c22f600","driverScope":"user_drivers","id":"5ce3da17-ae01-70be-b443-9ca2dc58b6c6","devicePath":"Motion-Eye/Motion-Eye-MQTT.meta.json","deviceScope":"user_devices","title":"Motion-Eye-MQTT","options":"{}","enabled":true,"driverOptions":16,"serverSide":false,"isServer":false,"responseSettings":{"start":false,"startString":"","cTypeByte":false,"cTypePacket":false,"cTypeDelimiter":true,"cTypeCount":false,"delimiter":"\\r","count":"","wDelimiter":"\\r","wCount":""},"source":"ide","user_devices":"/PMaster/projects/x4mm/user//devices/","system_devices":"/PMaster/projects/x4mm/data//system/devices","system_drivers":"/PMaster/projects/x4mm/data/system/drivers","user_drivers":"/PMaster/projects/x4mm/user//drivers/","loggingFlags":"{}","hash":"bcd25542439bfb533f5d667684e49fa8","userDirectory":"/PMaster/projects/x4mm/user//"},"deviceMessage":"","time":1483274415333,"type":"XBlox","level":"info","message":"Motion Detected: [object Object]","timestamp":"2017-01-01T12:40:15.335Z"}
{"device":{"host":"192.168.1.37","port":"1883","protocol":"mqtt","driver":"Motion-Eye/Motion-Eye-MQTT.js","driverId":"69e4469f-f2a8-3c22-e973-49380c22f600","driverScope":"user_drivers","id":"5ce3da17-ae01-70be-b443-9ca2dc58b6c6","devicePath":"Motion-Eye/Motion-Eye-MQTT.meta.json","deviceScope":"user_devices","title":"Motion-Eye-MQTT","options":"{}","enabled":true,"driverOptions":16,"serverSide":false,"isServer":false,"responseSettings":{"start":false,"startString":"","cTypeByte":false,"cTypePacket":false,"cTypeDelimiter":true,"cTypeCount":false,"delimiter":"\\r","count":"","wDelimiter":"\\r","wCount":""},"source":"ide","user_devices":"/PMaster/projects/x4mm/user//devices/","system_devices":"/PMaster/projects/x4mm/data//system/devices","system_drivers":"/PMaster/projects/x4mm/data/system/drivers","user_drivers":"/PMaster/projects/x4mm/user//drivers/","loggingFlags":"{}","hash":"bcd25542439bfb533f5d667684e49fa8","userDirectory":"/PMaster/projects/x4mm/user//"},"deviceMessage":"","time":1483274545643,"type":"XBlox","level":"info","message":"Motion Detected: [object Object]","timestamp":"2017-01-01T12:42:25.645Z"}
{"device":{"host":"192.168.1.37","port":"1883","protocol":"mqtt","driver":"Motion-Eye/Motion-Eye-MQTT.js","driverId":"69e4469f-f2a8-3c22-e973-49380c22f600","driverScope":"user_drivers","id":"5ce3da17-ae01-70be-b443-9ca2dc58b6c6","devicePath":"Motion-Eye/Motion-Eye-MQTT.meta.json","deviceScope":"user_devices","title":"Motion-Eye-MQTT","options":"{}","enabled":true,"driverOptions":16,"serverSide":false,"isServer":false,"responseSettings":{"start":false,"startString":"","cTypeByte":false,"cTypePacket":false,"cTypeDelimiter":true,"cTypeCount":false,"delimiter":"\\r","count":"","wDelimiter":"\\r","wCount":""},"source":"ide","user_devices":"/PMaster/projects/x4mm/user//devices/","system_devices":"/PMaster/projects/x4mm/data//system/devices","system_drivers":"/PMaster/projects/x4mm/data/system/drivers","user_drivers":"/PMaster/projects/x4mm/user//drivers/","loggingFlags":"{}","hash":"bcd25542439bfb533f5d667684e49fa8","userDirectory":"/PMaster/projects/x4mm/user//"},"deviceMessage":"","time":1483274577796,"type":"XBlox","level":"info","message":"Motion Detected: [object Object]","timestamp":"2017-01-01T12:42:57.798Z"}
{"device":{"host":"192.168.1.37","port":"1883","protocol":"mqtt","driver":"Motion-Eye/Motion-Eye-MQTT.js","driverId":"69e4469f-f2a8-3c22-e973-49380c22f600","driverScope":"user_drivers","id":"5ce3da17-ae01-70be-b443-9ca2dc58b6c6","devicePath":"Motion-Eye/Motion-Eye-MQTT.meta.json","deviceScope":"user_devices","title":"Motion-Eye-MQTT","options":"{}","enabled":true,"driverOptions":16,"serverSide":false,"isServer":false,"responseSettings":{"start":false,"startString":"","cTypeByte":false,"cTypePacket":false,"cTypeDelimiter":true,"cTypeCount":false,"delimiter":"\\r","count":"","wDelimiter":"\\r","wCount":""},"source":"ide","user_devices":"/PMaster/projects/x4mm/user//devices/","system_devices":"/PMaster/projects/x4mm/data//system/devices","system_drivers":"/PMaster/projects/x4mm/data/system/drivers","user_drivers":"/PMaster/projects/x4mm/user//drivers/","loggingFlags":"{}","hash":"bcd25542439bfb533f5d667684e49fa8","userDirectory":"/PMaster/projects/x4mm/user//"},"deviceMessage":"","time":1483275151688,"type":"XBlox","level":"info","message":"Motion Detected: [object Object]","timestamp":"2017-01-01T12:52:31.692Z"}
{"device":{"host":"192.168.1.37","port":"1883","protocol":"mqtt","driver":"Motion-Eye/Motion-Eye-MQTT.js","driverId":"69e4469f-f2a8-3c22-e973-49380c22f600","driverScope":"user_drivers","id":"5ce3da17-ae01-70be-b443-9ca2dc58b6c6","devicePath":"Motion-Eye/Motion-Eye-MQTT.meta.json","deviceScope":"user_devices","title":"Motion-Eye-MQTT","options":"{}","enabled":true,"driverOptions":16,"serverSide":false,"isServer":false,"responseSettings":{"start":false,"startString":"","cTypeByte":false,"cTypePacket":false,"cTypeDelimiter":true,"cTypeCount":false,"delimiter":"\\r","count":"","wDelimiter":"\\r","wCount":""},"source":"ide","user_devices":"/PMaster/projects/x4mm/user//devices/","system_devices":"/PMaster/projects/x4mm/data//system/devices","system_drivers":"/PMaster/projects/x4mm/data/system/drivers","user_drivers":"/PMaster/projects/x4mm/user//drivers/","loggingFlags":"{}","hash":"bcd25542439bfb533f5d667684e49fa8","userDirectory":"/PMaster/projects/x4mm/user//"},"deviceMessage":"","time":1483275608296,"type":"XBlox","level":"info","message":"Motion Detected: [object Object]","timestamp":"2017-01-01T13:00:08.298Z"}
{"device":{"host":"192.168.1.37","port":"1883","protocol":"mqtt","driver":"Motion-Eye/Motion-Eye-MQTT.js","driverId":"69e4469f-f2a8-3c22-e973-49380c22f600","driverScope":"user_drivers","id":"5ce3da17-ae01-70be-b443-9ca2dc58b6c6","devicePath":"Motion-Eye/Motion-Eye-MQTT.meta.json","deviceScope":"user_devices","title":"Motion-Eye-MQTT","options":"{}","enabled":true,"driverOptions":16,"serverSide":false,"isServer":false,"responseSettings":{"start":false,"startString":"","cTypeByte":false,"cTypePacket":false,"cTypeDelimiter":true,"cTypeCount":false,"delimiter":"\\r","count":"","wDelimiter":"\\r","wCount":""},"source":"ide","user_devices":"/PMaster/projects/x4mm/user//devices/","system_devices":"/PMaster/projects/x4mm/data//system/devices","system_drivers":"/PMaster/projects/x4mm/data/system/drivers","user_drivers":"/PMaster/projects/x4mm/user//drivers/","loggingFlags":"{}","hash":"bcd25542439bfb533f5d667684e49fa8","userDirectory":"/PMaster/projects/x4mm/user//"},"deviceMessage":"","time":1483277268626,"type":"XBlox","level":"info","message":"Motion Detected: [object Object]","timestamp":"2017-01-01T13:27:48.628Z"}
{"device":{"host":"192.168.1.37","port":"1883","protocol":"mqtt","driver":"Motion-Eye/Motion-Eye-MQTT.js","driverId":"69e4469f-f2a8-3c22-e973-49380c22f600","driverScope":"user_drivers","id":"5ce3da17-ae01-70be-b443-9ca2dc58b6c6","devicePath":"Motion-Eye/Motion-Eye-MQTT.meta.json","deviceScope":"user_devices","title":"Motion-Eye-MQTT","options":"{}","enabled":true,"driverOptions":16,"serverSide":false,"isServer":false,"responseSettings":{"start":false,"startString":"","cTypeByte":false,"cTypePacket":false,"cTypeDelimiter":true,"cTypeCount":false,"delimiter":"\\r","count":"","wDelimiter":"\\r","wCount":""},"source":"ide","user_devices":"/PMaster/projects/x4mm/user//devices/","system_devices":"/PMaster/projects/x4mm/data//system/devices","system_drivers":"/PMaster/projects/x4mm/data/system/drivers","user_drivers":"/PMaster/projects/x4mm/user//drivers/","loggingFlags":"{}","hash":"bcd25542439bfb533f5d667684e49fa8","userDirectory":"/PMaster/projects/x4mm/user//"},"deviceMessage":"","time":1483278189487,"type":"XBlox","level":"info","message":"Motion Detected: [object Object]","timestamp":"2017-01-01T13:43:09.489Z"}
